FID,ST,STATE,ST_ABBR,STCNTY,COUNTY,FIPS,LOCATION,AREA_SQMI,Estimated Population,M_TOTPOP,Housing units ,M_HU,E_HH,M_HH,E_POV150,M_POV150,E_UNEMP,M_UNEMP,E_HBURD,M_HBURD,E_NOHSDP,M_NOHSDP,E_UNINSUR,M_UNINSUR,Person aged 65 or older,M_AGE65,Person aged 17 or younger,M_AGE17,E_DISABL,M_DISABL,E_SNGPNT,M_SNGPNT,E_LIMENG,M_LIMENG,E_MINRTY,M_MINRTY,E_MUNIT,M_MUNIT,E_MOBILE,M_MOBILE,E_CROWD,M_CROWD,E_NOVEH,M_NOVEH,E_GROUPQ,M_GROUPQ,EP_POV150,MP_POV150,EP_UNEMP,MP_UNEMP,EP_HBURD,MP_HBURD,EP_NOHSDP,MP_NOHSDP,EP_UNINSUR,MP_UNINSUR,EP_AGE65,MP_AGE65,EP_AGE17,MP_AGE17,EP_DISABL,MP_DISABL,EP_SNGPNT,MP_SNGPNT,EP_LIMENG,MP_LIMENG,EP_MINRTY,MP_MINRTY,EP_MUNIT,MP_MUNIT,EP_MOBILE,MP_MOBILE,EP_CROWD,MP_CROWD,EP_NOVEH,MP_NOVEH,EP_GROUPQ,MP_GROUPQ,EPL_POV150,EPL_UNEMP,EPL_HBURD,EPL_NOHSDP,EPL_UNINSU,SPL_THEME1,Socioeconomic Status - Percentile Ranking,EPL_AGE65,EPL_AGE17,EPL_DISABL,EPL_SNGPNT,EPL_LIMENG,SPL_THEME2,Household Characteristics Percentile Ranking,EPL_MINRTY,SPL_THEME3,Racial & Ethnic Minority Status Percentile Ranking,EPL_MUNIT,EPL_MOBILE,EPL_CROWD,EPL_NOVEH,EPL_GROUPQ,SPL_THEME4,Housing Type & Transportation Percentile Ranking,SPL_THEMES,Overall Percentile Ranking,F_POV150,F_UNEMP,F_HBURD,F_NOHSDP,F_UNINSUR,F_THEME1,F_AGE65,F_AGE17,F_DISABL,F_SNGPNT,F_LIMENG,F_THEME2,F_MINRTY,F_THEME3,F_MUNIT,F_MOBILE,F_CROWD,F_NOVEH,F_GROUPQ,F_THEME4,F_TOTAL,E_DAYPOP,E_NOINT,M_NOINT,E_AFAM,M_AFAM,E_HISP,M_HISP,E_ASIAN,M_ASIAN,E_AIAN,M_AIAN,E_NHPI,M_NHPI,E_TWOMORE,M_TWOMORE,E_OTHERRAC,M_OTHERRAC,EP_NOINT,MP_NOINT,EP_AFAM,MP_AFAM,EP_HISP,MP_HISP,EP_ASIAN,MP_ASIAN,EP_AIAN,MP_AIAN,EP_NHPI,MP_NHPI,EP_TWOMORE,MP_TWOMORE,EP_OTHERRA,MP_OTHERRA,Shape_Leng,Shape_Le_1,Chemical Exposure Count,Shape__Area,Shape__Length
1,15,Hawaii,HI,15003,Honolulu,15003006704,"Census Tract 67.04, Honolulu County, Hawaii",7.063402,6686,874,2482,204,2280,195,882,579,109,52,663,199,215,109,120,83,1484,191,1519,393,596,123,65,51,229,129,5972,910,590,136,7,12,206,115,229,115,47,24,13.300000,8.600000,3.600000,1.800000,29.100000,8.400000,4.600000,2.100000,1.900000,1.100000,22.200000,3.100000,22.700000,5.100000,9.400000,2.200000,2.900000,2.200000,3.700000,2.000000,89.300000,7.000000,23.800000,5.100000,0.300000,0.500000,9.000000,5.000000,10.000000,4.600000,0.700000,0.300000,0.515300,0.478700,0.585900,0.411800,0.306400,2.298100,0.427600,0.661200,0.689400,0.342000,0.416500,0.609400,2.718500,0.622300,0.701200,0.701200,0.701200,0.694100,0.812400,0.604700,0.738700,0.616500,3.466400,0.950100,9.184200,0.762500,0,0,0,0,0,0,0,0,0,0,0,0,0,0,0,0,0,0,0,0,0,5631,485,1251,262,169,512,295,3311,586,0,17,558,512,1329,327,0,17,7.300000,1.000000,3.900000,2.600000,7.700000,3.900000,49.500000,7.700000,0.000000,0.500000,8.300000,7.100000,19.900000,5.000000,0.000000,0.500000,0.266781,0.013708,0,115524.804688,1572.506182
2,15,Hawaii,HI,15003,Honolulu,15003006806,"Census Tract 68.06, Honolulu County, Hawaii",0.186397,1654,181,561,52,529,58,64,41,15,17,23,22,79,49,6,9,657,97,215,54,258,66,13,16,35,55,1595,171,4,13,0,12,0,16,25,19,24,31,3.900000,2.400000,2.000000,2.300000,4.300000,4.100000,5.800000,3.300000,0.400000,0.500000,39.700000,3.800000,13.000000,2.900000,15.700000,3.200000,2.500000,3.000000,2.200000,3.400000,96.400000,14.800000,0.700000,2.300000,0.000000,5.600000,0.000000,3.000000,4.700000,3.600000,1.500000,1.900000,0.094100,0.253600,0.023500,0.512900,0.064100,0.948200,0.061800,0.985900,0.145900,0.838500,0.355300,0.442400,2.768000,0.660300,0.912900,0.912900,0.912900,0.282400,0.000000,0.000000,0.532100,0.743500,1.558000,0.313500,6.187100,0.292200,0,0,0,0,0,0,1,0,0,0,0,1,1,1,0,0,0,0,0,0,2,1124,120,258,0,12,72,53,1402,148,0,12,1,2,120,64,0,12,7.400000,0.800000,0.000000,1.900000,4.400000,3.100000,84.800000,5.300000,0.000000,1.900000,0.100000,0.100000,7.300000,3.700000,0.000000,1.900000,0.035546,0.035546,0,552246.835938,4100.890551
3,15,Hawaii,HI,15003,Honolulu,15003006810,"Census Tract 68.10, Honolulu County, Hawaii",0.384467,3987,580,1115,115,1076,124,797,510,45,34,608,189,38,50,9,11,46,43,1754,299,470,351,70,61,41,71,2356,452,6,15,0,12,0,16,22,26,0,12,20.200000,12.600000,4.900000,3.400000,56.500000,16.300000,1.900000,2.500000,0.300000,0.400000,1.200000,1.100000,44.000000,3.900000,14.700000,9.900000,6.500000,5.600000,1.300000,2.200000,59.100000,7.400000,0.500000,1.300000,0.000000,2.900000,0.000000,1.500000,2.000000,2.500000,0.000000,0.300000,0.771800,0.632700,0.971800,0.131800,0.052300,2.560400,0.515400,0.054100,0.990600,0.786200,0.776500,0.291800,2.899200,0.726800,0.164700,0.164700,0.164700,0.247100,0.000000,0.000000,0.285000,0.000000,0.532100,0.049900,6.156400,0.287400,0,0,1,0,0,1,0,1,0,0,0,1,0,0,0,0,0,0,0,0,2,3571,77,843,692,288,1111,313,150,52,30,44,47,26,326,136,0,12,1.900000,0.300000,17.400000,7.200000,27.900000,6.600000,3.800000,1.500000,0.800000,1.100000,1.200000,0.600000,8.200000,3.300000,0.000000,0.800000,0.050213,0.050213,2,1156017.144531,5739.093299
4,15,Hawaii,HI,15003,Honolulu,15003006811,"Census Tract 68.11, Honolulu County, Hawaii",0.362256,1948,341,490,88,482,87,399,254,22,17,216,102,0,12,28,35,0,12,1006,192,76,47,8,16,0,48,1476,439,0,16,0,12,34,30,0,12,0,12,21.000000,12.800000,5.900000,4.900000,44.800000,19.600000,0.000000,4.000000,1.700000,2.100000,0.000000,1.700000,51.600000,3.900000,4.700000,2.700000,1.700000,3.300000,0.000000,3.000000,75.800000,18.200000,0.000000,3.300000,0.000000,6.400000,7.100000,6.100000,0.000000,6.500000,0.000000,0.600000,0.788200,0.706200,0.889400,0.000000,0.263700,2.647500,0.553400,0.000000,1.000000,0.049900,0.251800,0.000000,1.301700,0.042800,0.352900,0.352900,0.352900,0.000000,0.000000,0.517600,0.000000,0.000000,0.517600,0.047500,4.819700,0.104500,0,0,0,0,0,0,0,1,0,0,0,1,0,0,0,0,0,0,0,0,1,1429,0,482,470,257,445,260,61,66,0,12,153,100,334,211,13,20,0.000000,24.700000,24.100000,13.400000,22.800000,11.600000,3.100000,3.100000,0.000000,1.700000,7.900000,5.100000,17.100000,9.400000,0.700000,1.000000,0.052463,0.045438,0,648967.359375,5225.220634
5,15,Hawaii,HI,15003,Honolulu,15003006813,"Census Tract 68.13, Honolulu County, Hawaii",0.710234,5387,726,2134,235,1973,249,233,147,104,76,415,159,261,131,207,168,948,201,1033,247,249,108,29,36,151,112,4915,775,1627,227,0,17,136,90,81,66,68,57,4.300000,2.700000,3.200000,2.400000,21.000000,7.600000,6.700000,3.100000,4.000000,3.100000,17.600000,3.700000,19.200000,3.800000,4.800000,2.100000,1.500000,1.800000,2.900000,2.100000,91.200000,7.500000,76.200000,6.500000,0.000000,1.500000,6.900000,4.500000,4.100000,3.400000,1.300000,1.000000,0.117600,0.410000,0.343500,0.604700,0.643700,2.119500,0.351500,0.418800,0.465900,0.054600,0.225900,0.534100,1.699300,0.109300,0.767100,0.767100,0.767100,0.891800,0.000000,0.505900,0.496400,0.717600,2.611700,0.719700,7.197600,0.441800,0,0,0,0,0,0,0,0,0,0,0,0,0,0,0,0,0,0,0,0,0,2342,303,999,105,90,325,136,3460,566,0,17,206,211,730,439,89,129,5.700000,0.800000,1.900000,1.600000,6.000000,2.600000,64.200000,8.600000,0.000000,0.600000,3.800000,3.800000,13.600000,7.600000,1.700000,2.300000,0.069116,0.044647,0,726751.101563,5129.911279
6,15,Hawaii,HI,15003,Honolulu,15003006814,"Census Tract 68.14, Honolulu County, Hawaii",0.030451,2934,423,973,96,925,96,387,200,115,68,177,74,373,173,90,57,490,152,635,131,311,149,50,41,276,132,2672,484,722,95,0,12,137,59,140,75,0,12,13.200000,6.500000,7.800000,4.300000,19.100000,7.800000,18.100000,6.400000,3.100000,2.000000,16.700000,4.300000,21.600000,3.200000,10.800000,4.500000,5.400000,4.400000,10.400000,4.700000,91.100000,10.000000,74.200000,6.500000,0.000000,3.300000,14.800000,6.200000,15.100000,7.400000,0.000000,0.400000,0.501200,0.803300,0.308200,0.943500,0.494100,3.050300,0.688800,0.364700,0.640000,0.475100,0.689400,0.894100,3.063300,0.807600,0.762400,0.762400,0.762400,0.889400,0.000000,0.835300,0.829000,0.000000,2.553700,0.672200,9.429700,0.802900,0,0,0,1,0,1,0,0,0,0,0,0,0,0,0,0,0,0,0,0,1,792,299,604,81,96,270,159,1557,342,0,12,87,82,677,277,0,12,10.200000,1.500000,2.800000,3.200000,9.200000,5.300000,53.100000,9.900000,0.000000,1.100000,3.000000,2.700000,23.100000,8.500000,0.000000,1.100000,0.012363,0.009494,0,68847.214844,1088.634255
7,15,Hawaii,HI,15003,Honolulu,15003006816,"Census Tract 68.16, Honolulu County, Hawaii",0.081184,2100,487,560,110,528,96,177,117,16,32,121,68,140,84,58,67,385,171,438,165,315,184,36,50,218,159,2001,661,70,51,21,27,43,37,8,13,55,130,8.400000,5.200000,1.400000,2.600000,22.900000,12.200000,9.700000,5.000000,2.800000,3.000000,18.300000,7.000000,20.900000,6.200000,15.100000,7.400000,6.800000,9.400000,11.200000,7.700000,95.300000,22.400000,12.500000,8.800000,3.800000,4.800000,8.100000,6.900000,1.500000,2.500000,2.600000,6.200000,0.312900,0.180100,0.400000,0.762400,0.448900,2.104300,0.346800,0.451800,0.602400,0.812400,0.792900,0.908200,3.567700,0.966700,0.891800,0.891800,0.891800,0.569400,0.992900,0.557600,0.232800,0.816500,3.169200,0.890700,9.733000,0.824200,0,0,0,0,0,0,0,0,0,0,1,1,0,0,0,1,0,0,0,1,2,736,35,678,0,12,67,79,1432,603,0,12,44,51,458,254,0,12,1.700000,0.500000,0.000000,1.500000,3.200000,3.800000,68.200000,17.100000,0.000000,1.500000,2.100000,2.500000,21.800000,14.300000,0.000000,1.500000,0.018637,0.018637,0,247161.136719,2140.893995
8,15,Hawaii,HI,15003,Honolulu,15003006817,"Census Tract 68.17, Honolulu County, Hawaii",0.178720,4944,567,895,57,874,66,353,171,111,65,44,56,736,229,171,95,991,202,948,203,517,159,26,27,462,169,4775,708,0,16,0,12,222,75,26,22,145,112,7.300000,3.400000,4.000000,2.100000,5.000000,6.400000,19.800000,6.000000,3.500000,1.800000,20.000000,3.700000,19.200000,3.500000,10.500000,3.000000,3.000000,3.100000,9.700000,3.400000,96.600000,9.100000,0.000000,1.800000,0.000000,3.600000,25.400000,8.400000,3.000000,2.500000,2.900000,2.200000,0.265900,0.542700,0.030600,0.952900,0.567700,2.359800,0.446600,0.541200,0.465900,0.458400,0.425900,0.877600,2.769000,0.662700,0.917600,0.917600,0.917600,0.000000,0.000000,0.955300,0.396700,0.828200,2.180200,0.543900,8.226600,0.612800,0,0,0,1,0,1,0,0,0,0,0,0,1,1,0,0,1,0,0,1,3,1335,475,802,12,21,172,132,3482,568,0,12,562,346,547,205,0,12,9.900000,1.100000,0.200000,0.400000,3.500000,2.800000,70.400000,7.400000,0.000000,0.700000,11.400000,6.600000,11.100000,4.200000,0.000000,0.700000,0.031841,0.031841,0,529589.714844,3692.246426
9,15,Hawaii,HI,15003,Honolulu,15003006818,"Census Tract 68.18, Honolulu County, Hawaii",0.029684,1930,328,868,118,816,139,326,259,21,18,280,116,161,94,44,50,323,92,389,121,74,48,47,65,116,69,1738,408,812,137,0,12,87,61,28,27,0,12,16.900000,13.100000,2.000000,1.700000,34.300000,13.000000,12.300000,7.400000,2.400000,2.800000,16.700000,4.600000,20.200000,5.200000,4.000000,2.800000,5.800000,7.900000,6.500000,3.700000,90.100000,14.600000,93.500000,9.400000,0.000000,3.700000,10.700000,7.200000,3.400000,3.300000,0.000000,0.600000,0.675300,0.253600,0.743500,0.849400,0.382400,2.904200,0.641300,0.364700,0.555300,0.030900,0.727100,0.769400,2.447400,0.463200,0.724700,0.724700,0.724700,0.950600,0.000000,0.694100,0.448900,0.000000,2.093600,0.508300,8.169900,0.601000,0,0,0,0,0,0,0,0,0,0,0,0,0,0,1,0,0,0,0,1,1,622,97,452,265,238,108,129,826,191,0,12,139,105,400,214,0,12,5.000000,0.900000,13.700000,11.800000,5.600000,6.500000,42.800000,10.000000,0.000000,1.700000,7.200000,5.200000,20.700000,9.500000,0.000000,1.700000,0.010221,0.010221,0,86620.933594,1181.527494
10,15,Hawaii,HI,15003,Honolulu,15003006819,"Census Tract 68.19, Honolulu County, Hawaii",0.034152,2902,464,1309,140,1233,156,423,203,74,63,523,157,349,206,110,91,502,159,489,191,356,147,77,65,203,94,2640,459,1299,147,0,12,181,90,171,96,0,12,14.600000,6.600000,4.400000,3.700000,42.400000,11.500000,17.500000,9.100000,3.800000,3.100000,17.300000,5.100000,16.900000,6.000000,12.400000,4.800000,6.200000,5.200000,7.100000,3.100000,91.000000,6.200000,99.200000,3.700000,0.000000,2.400000,14.700000,7.100000,13.900000,7.600000,0.000000,0.400000,0.585900,0.582900,0.863500,0.938800,0.612800,3.583900,0.850400,0.400000,0.320000,0.617600,0.752900,0.795300,2.885800,0.722100,0.755300,0.755300,0.755300,0.997600,0.000000,0.830600,0.814700,0.000000,2.642900,0.741100,9.867900,0.840900,0,0,0,1,0,1,0,0,0,0,0,0,0,0,1,0,0,0,0,1,2,739,162,661,47,64,353,243,1695,313,0,12,81,77,464,209,0,12,5.600000,0.900000,1.600000,2.300000,12.200000,7.300000,58.400000,9.500000,0.000000,1.100000,2.800000,2.700000,16.000000,6.100000,0.000000,1.100000,0.020000,0.004436,0,10472.671875,519.835727
11,15,Hawaii,HI,15003,Honolulu,15003006900,"Census Tract 69, Honolulu County, Hawaii",0.425915,4091,467,1165,103,1089,109,605,257,104,74,443,110,60,40,98,60,69,75,1951,252,151,85,145,74,39,57,2175,470,22,21,0,12,42,32,0,12,0,12,14.800000,6.100000,13.600000,8.500000,40.700000,9.200000,3.000000,1.800000,3.000000,1.800000,1.700000,1.700000,47.700000,2.900000,4.600000,2.400000,13.300000,6.700000,1.100000,1.600000,53.200000,9.800000,1.900000,1.800000,0.000000,2.700000,3.900000,2.900000,0.000000,2.900000,0.000000,0.300000,0.597600,0.962100,0.847100,0.237600,0.486900,3.131300,0.724500,0.058800,0.997600,0.045100,0.955300,0.237600,2.294400,0.358700,0.117600,0.117600,0.117600,0.381200,0.000000,0.289400,0.000000,0.000000,0.670600,0.078400,6.213900,0.294500,0,1,0,0,0,1,0,1,0,1,0,2,0,0,0,0,0,0,0,0,3,3819,72,671,619,250,818,215,391,302,30,39,16,24,298,140,3,5,1.800000,0.300000,15.100000,5.800000,20.000000,4.600000,9.600000,6.800000,0.700000,0.900000,0.400000,0.600000,7.300000,3.400000,0.100000,0.100000,0.042896,0.013671,0,83291.300781,1602.798112
12,15,Hawaii,HI,15003,Honolulu,15003007001,"Census Tract 70.01, Honolulu County, Hawaii",0.524273,1868,347,903,203,879,208,122,111,18,24,619,219,32,47,0,12,0,12,361,70,7,12,40,40,61,68,1066,326,19,20,0,12,0,16,0,12,0,12,6.500000,5.800000,4.700000,6.400000,70.400000,18.500000,2.500000,3.400000,0.000000,3.200000,0.000000,1.700000,19.300000,1.100000,0.700000,1.200000,4.600000,4.400000,3.700000,4.000000,57.100000,13.900000,2.100000,2.200000,0.000000,3.500000,0.000000,1.800000,0.000000,3.600000,0.000000,0.600000,0.225900,0.616100,0.990600,0.174100,0.000000,2.006700,0.315900,0.000000,0.472900,0.002400,0.604700,0.609400,1.689400,0.104500,0.138800,0.138800,0.138800,0.390600,0.000000,0.000000,0.000000,0.000000,0.390600,0.033300,4.225500,0.059400,0,0,1,0,0,1,0,0,0,0,0,0,0,0,0,0,0,0,0,0,1,8461,23,490,289,231,527,205,88,63,0,12,0,12,162,83,0,12,1.200000,26.200000,15.500000,11.300000,28.200000,10.300000,4.700000,3.600000,0.000000,1.700000,0.000000,1.700000,8.700000,4.500000,0.000000,1.700000,0.055520,0.055520,0,1596740.406250,6431.958481
13,15,Hawaii,HI,15003,Honolulu,15003007002,"Census Tract 70.02, Honolulu County, Hawaii",0.583296,2708,488,1027,191,977,201,329,270,43,39,712,259,31,39,0,12,0,12,940,210,71,66,56,45,20,57,1461,485,0,16,0,12,47,46,13,22,0,12,12.100000,9.700000,7.700000,6.400000,72.900000,21.900000,2.200000,2.700000,0.000000,1.800000,0.000000,1.200000,34.700000,4.600000,3.900000,3.500000,5.700000,4.500000,0.900000,2.500000,54.000000,15.000000,0.000000,1.600000,0.000000,3.100000,4.800000,4.600000,1.300000,2.300000,0.000000,0.400000,0.463500,0.798600,0.992900,0.155300,0.000000,2.410300,0.470300,0.000000,0.948200,0.023800,0.708200,0.202400,1.882600,0.175800,0.122400,0.122400,0.122400,0.000000,0.000000,0.364700,0.204300,0.000000,0.569000,0.057000,4.984300,0.123500,0,0,1,0,0,1,0,1,0,0,0,1,0,0,0,0,0,0,0,0,2,3175,0,690,118,70,347,254,460,219,0,12,181,296,355,174,0,12,0.000000,25.500000,4.400000,2.600000,12.800000,9.600000,17.000000,8.100000,0.000000,1.200000,6.700000,10.500000,13.100000,6.100000,0.000000,1.200000,0.049219,0.048683,4,1751712.847656,5557.798509
14,15,Hawaii,HI,15003,Honolulu,15003007100,"Census Tract 71, Honolulu County, Hawaii",0.479943,3507,449,1080,175,1058,175,464,229,88,96,532,160,3,6,33,30,1,3,1329,169,197,101,69,47,12,47,1700,359,6,15,0,12,6,15,0,12,5,9,13.200000,6.300000,9.300000,9.400000,50.300000,12.600000,0.200000,0.300000,1.300000,1.100000,0.000000,0.100000,37.900000,6.800000,7.600000,3.800000,6.500000,4.300000,0.400000,1.500000,48.500000,8.100000,0.600000,1.400000,0.000000,3.000000,0.600000,1.400000,0.000000,3.000000,0.100000,0.300000,0.501200,0.874400,0.931800,0.051800,0.211400,2.570600,0.522600,0.000000,0.967100,0.173400,0.776500,0.103500,2.020500,0.223300,0.089400,0.089400,0.089400,0.272900,0.000000,0.068200,0.000000,0.432900,0.774000,0.092600,5.454500,0.182900,0,0,1,0,0,1,0,1,0,0,0,1,0,0,0,0,0,0,0,0,2,3563,4,636,541,217,546,177,391,201,0,12,0,12,222,100,0,12,0.100000,18.200000,15.400000,6.000000,15.600000,5.000000,11.100000,6.000000,0.000000,0.900000,0.000000,0.900000,6.300000,3.000000,0.000000,0.900000,0.048025,0.048025,5,1410463.500000,5481.247670
15,15,Hawaii,HI,15003,Honolulu,15003007302,"Census Tract 73.02, Honolulu County, Hawaii",1.079105,5518,788,1841,222,1708,205,427,202,141,86,629,166,87,65,42,42,23,2,2178,484,160,69,108,65,39,73,1993,439,36,47,0,17,44,53,48,35,0,17,7.800000,3.500000,13.600000,7.800000,36.800000,8.700000,3.000000,2.300000,1.000000,1.100000,0.400000,0.100000,39.500000,6.700000,4.000000,1.700000,6.300000,3.700000,0.800000,1.600000,36.100000,6.100000,2.000000,2.500000,0.000000,1.700000,2.600000,3.100000,2.800000,2.100000,0.000000,0.300000,0.289400,0.962100,0.785900,0.237600,0.152000,2.427000,0.475100,0.042400,0.976500,0.030900,0.762400,0.181200,1.993400,0.216200,0.030600,0.030600,0.030600,0.388200,0.000000,0.181200,0.382400,0.000000,0.951800,0.135400,5.402800,0.173400,0,1,0,0,0,1,0,1,0,0,0,1,0,0,0,0,0,0,0,0,2,3554,7,1113,468,290,746,242,339,88,0,17,0,17,434,204,6,11,0.100000,20.200000,8.500000,5.100000,13.500000,4.300000,6.100000,1.800000,0.000000,0.600000,0.000000,0.600000,7.900000,3.600000,0.100000,0.200000,0.084785,0.080769,1,3224244.898438,9262.650078
16,15,Hawaii,HI,15003,Honolulu,15003007400,"Census Tract 74, Honolulu County, Hawaii",2.740831,5160,640,898,130,814,116,244,138,33,30,237,83,74,20,38,20,44,9,1128,262,37,31,1,17,51,61,2322,513,0,24,0,17,0,24,10,11,2285,413,8.400000,4.600000,4.600000,4.300000,29.100000,9.300000,3.500000,1.000000,1.600000,0.900000,0.900000,0.200000,21.900000,4.300000,1.600000,1.400000,0.100000,2.100000,1.100000,1.200000,45.000000,8.200000,0.000000,2.700000,0.000000,3.600000,0.000000,2.900000,1.200000,1.300000,44.300000,5.800000,0.312900,0.604300,0.585900,0.301200,0.244700,2.049000,0.330200,0.049400,0.663500,0.007100,0.127100,0.237600,1.084700,0.019000,0.070600,0.070600,0.070600,0.000000,0.000000,0.000000,0.197100,0.978800,1.175900,0.187600,4.380200,0.064100,0,0,0,0,0,0,0,0,0,0,0,0,0,0,0,0,0,0,1,1,1,13980,26,675,751,403,884,225,548,202,0,17,11,13,128,97,0,17,0.900000,23.500000,14.600000,6.900000,17.100000,4.500000,10.600000,4.000000,0.000000,0.600000,0.200000,0.200000,2.500000,1.900000,0.000000,0.600000,0.167381,0.329872,26,8190631.441406,38000.690256
17,15,Hawaii,HI,15003,Honolulu,15003007504,"Census Tract 75.04, Honolulu County, Hawaii",0.420395,3293,610,872,110,855,111,1176,425,81,51,283,93,172,110,246,117,415,78,862,273,545,160,113,64,232,118,3132,660,379,102,0,12,89,61,157,55,5,7,35.700000,11.100000,5.100000,3.200000,33.100000,10.000000,8.700000,4.700000,7.500000,3.000000,12.600000,3.000000,26.200000,6.700000,16.600000,4.000000,13.200000,7.300000,7.600000,3.600000,95.100000,9.600000,43.500000,10.300000,0.000000,3.700000,10.400000,7.000000,18.400000,5.900000,0.200000,0.200000,0.948200,0.654000,0.715300,0.705900,0.893100,3.916500,0.931100,0.190600,0.802400,0.864600,0.950600,0.814100,3.622300,0.973900,0.884700,0.884700,0.884700,0.790600,0.000000,0.670600,0.850400,0.456500,2.768100,0.769600,11.191600,0.957200,1,0,0,0,0,1,0,0,0,1,0,1,0,0,0,0,0,0,0,0,2,1389,396,812,109,119,313,157,889,351,0,12,1353,500,468,156,0,12,12.000000,2.200000,3.300000,3.600000,9.500000,4.800000,27.000000,9.200000,0.000000,1.000000,41.100000,11.600000,14.200000,5.300000,0.000000,1.000000,0.039916,0.039916,2,1224322.437500,4648.062187
18,15,Hawaii,HI,15003,Honolulu,15003007507,"Census Tract 75.07, Honolulu County, Hawaii",8.650086,5849,734,1698,182,1605,196,414,209,69,47,400,154,422,164,142,83,1185,232,756,336,691,197,63,64,189,124,5320,783,40,63,0,17,93,66,43,28,794,232,8.100000,3.900000,2.400000,1.700000,24.900000,9.100000,9.500000,3.500000,2.800000,1.700000,20.300000,3.600000,12.900000,5.500000,13.700000,3.800000,3.900000,4.000000,3.300000,2.100000,91.000000,7.000000,2.400000,3.700000,0.000000,1.900000,5.800000,4.100000,2.700000,1.800000,13.600000,3.600000,0.303500,0.308100,0.456500,0.745900,0.448900,2.262900,0.418100,0.560000,0.141200,0.729200,0.531800,0.571800,2.534000,0.536800,0.755300,0.755300,0.755300,0.411800,0.000000,0.437600,0.363400,0.957600,2.170400,0.539200,7.722600,0.529700,0,0,0,0,0,0,0,0,0,0,0,0,0,0,0,0,0,0,1,1,1,9647,344,1000,78,52,525,256,2988,620,8,18,483,239,1232,321,6,15,6.800000,1.000000,1.300000,0.900000,9.000000,4.000000,51.100000,7.100000,0.100000,0.300000,8.300000,4.000000,21.100000,5.300000,0.100000,0.300000,0.230885,0.080087,5,4631824.972656,9203.264388
19,15,Hawaii,HI,15003,Honolulu,15003007508,"Census Tract 75.08, Honolulu County, Hawaii",0.767188,6954,692,2252,207,2090,212,902,496,46,39,529,181,259,119,258,170,1281,272,1551,276,894,222,79,77,341,155,5115,812,403,195,0,17,143,74,93,57,157,92,13.100000,7.100000,1.300000,1.100000,25.300000,8.300000,5.300000,2.400000,3.800000,2.500000,18.400000,3.400000,22.300000,3.300000,13.300000,2.900000,3.800000,3.700000,5.300000,2.300000,73.600000,9.100000,17.900000,8.500000,0.000000,1.400000,6.800000,3.500000,4.400000,2.700000,2.300000,1.300000,0.498800,0.154000,0.468200,0.472900,0.612800,2.206700,0.384800,0.458800,0.677600,0.707800,0.520000,0.708200,3.072400,0.814700,0.327100,0.327100,0.327100,0.635300,0.000000,0.498800,0.515400,0.802400,2.451900,0.629500,8.058100,0.579600,0,0,0,0,0,0,0,0,0,0,0,0,0,0,0,0,0,0,0,0,0,2716,284,924,277,274,693,357,2725,481,21,50,204,159,1098,423,97,142,4.200000,0.400000,4.000000,3.900000,10.000000,4.800000,39.200000,5.900000,0.300000,0.700000,2.900000,2.200000,15.800000,5.500000,1.400000,2.100000,0.067387,0.067387,6,2307566.238281,7710.155336
20,15,Hawaii,HI,15003,Honolulu,15003007701,"Census Tract 77.01, Honolulu County, Hawaii",0.487402,4134,749,1134,135,1092,145,530,241,33,27,173,99,224,83,93,58,835,279,1027,300,405,148,50,48,81,69,3532,816,108,55,0,12,132,81,58,54,18,15,12.800000,5.300000,1.800000,1.500000,15.800000,8.800000,8.200000,3.300000,2.400000,1.500000,20.200000,5.100000,24.800000,5.700000,10.400000,3.700000,4.600000,4.400000,2.200000,1.800000,85.400000,12.300000,9.500000,4.700000,0.000000,2.800000,12.100000,7.200000,5.300000,4.900000,0.400000,0.400000,0.491800,0.229900,0.200000,0.689400,0.382400,1.993500,0.313500,0.552900,0.757600,0.448900,0.604700,0.442400,2.806500,0.686500,0.564700,0.564700,0.564700,0.543500,0.000000,0.741200,0.572400,0.534100,2.391200,0.603300,7.755900,0.534400,0,0,0,0,0,0,0,0,0,0,0,0,0,0,0,0,0,0,0,0,0,3841,373,1069,0,12,598,324,1904,409,0,12,593,600,427,182,10,15,9.100000,1.700000,0.000000,0.800000,14.500000,7.600000,46.100000,9.800000,0.000000,0.800000,14.300000,12.800000,10.300000,4.700000,0.200000,0.400000,0.097742,0.078884,19,1464945.511719,9002.797874
21,15,Hawaii,HI,15003,Honolulu,15003007702,"Census Tract 77.02, Honolulu County, Hawaii",2.402147,5596,687,1847,237,1704,228,247,150,111,76,97,49,124,58,128,66,1090,225,1017,276,774,221,7,20,73,83,5041,701,0,24,0,17,74,57,41,42,50,35,4.500000,2.700000,3.600000,2.100000,5.700000,2.800000,3.000000,1.400000,2.300000,1.200000,19.500000,4.400000,18.200000,4.400000,14.100000,4.300000,0.400000,1.200000,1.400000,1.500000,90.100000,5.900000,0.000000,1.300000,0.000000,1.700000,4.300000,3.300000,2.400000,2.400000,0.900000,0.600000,0.131800,0.478700,0.035300,0.237600,0.363400,1.246800,0.116400,0.527100,0.395300,0.750600,0.131800,0.322400,2.127200,0.270800,0.724700,0.724700,0.724700,0.000000,0.000000,0.327100,0.330200,0.663500,1.320800,0.228000,5.419500,0.178100,0,0,0,0,0,0,0,0,0,0,0,0,0,0,0,0,0,0,0,0,0,3237,248,968,64,71,665,316,2736,391,0,17,164,99,1412,473,0,17,4.500000,0.600000,1.100000,1.200000,11.900000,5.400000,48.900000,6.500000,0.000000,0.600000,2.900000,1.800000,25.200000,6.800000,0.000000,0.600000,0.214800,0.085514,1,2862695.097656,9755.489669
22,15,Hawaii,HI,15003,Honolulu,15003007804,"Census Tract 78.04, Honolulu County, Hawaii",0.177312,2194,290,608,64,587,66,81,66,40,29,68,36,82,62,45,40,633,102,353,133,281,67,10,12,53,57,2170,376,0,16,0,12,59,39,11,12,0,12,3.700000,3.000000,3.500000,2.500000,11.600000,6.000000,4.800000,3.300000,2.100000,1.700000,28.900000,5.500000,16.100000,5.700000,12.900000,3.500000,1.700000,2.000000,2.500000,2.700000,98.900000,11.100000,0.000000,2.600000,0.000000,5.200000,10.100000,6.500000,1.900000,2.000000,0.000000,0.500000,0.084700,0.462100,0.110600,0.437600,0.334900,1.429900,0.156800,0.887100,0.284700,0.662700,0.251800,0.487100,2.573400,0.555800,0.983500,0.983500,0.983500,0.000000,0.000000,0.658800,0.268400,0.000000,0.927200,0.123500,5.914000,0.251800,0,0,0,0,0,0,0,0,0,0,0,0,1,1,0,0,0,0,0,0,1,587,125,415,19,21,108,81,1466,240,0,12,101,140,476,239,0,12,5.700000,0.800000,0.900000,1.000000,4.900000,3.800000,66.800000,10.900000,0.000000,1.500000,4.600000,6.100000,21.700000,10.000000,0.000000,1.500000,0.037084,0.037084,0,530950.691406,4301.318578
23,15,Hawaii,HI,15003,Honolulu,15003007807,"Census Tract 78.07, Honolulu County, Hawaii",0.138237,5340,883,2762,234,2623,260,463,185,244,182,824,213,265,181,202,96,580,200,856,361,202,94,49,61,240,125,4544,1012,2306,262,0,17,275,128,197,122,0,17,8.700000,3.200000,7.800000,5.000000,31.400000,7.500000,6.700000,4.400000,4.100000,2.200000,10.900000,4.200000,16.000000,6.200000,4.100000,1.900000,1.900000,2.300000,5.000000,2.500000,85.100000,12.700000,83.500000,6.300000,0.000000,1.200000,10.500000,4.800000,7.500000,4.600000,0.000000,0.300000,0.331800,0.803300,0.649400,0.604700,0.662700,3.051900,0.691200,0.155300,0.277600,0.035600,0.287100,0.694100,1.449700,0.054600,0.555300,0.555300,0.555300,0.910600,0.000000,0.682400,0.674600,0.000000,2.267600,0.581900,7.324500,0.467900,0,0,0,0,0,0,0,0,0,0,0,0,0,0,1,0,0,0,0,1,1,3260,289,1260,135,115,398,188,3040,884,0,17,37,57,893,433,41,64,5.400000,0.900000,2.500000,2.300000,7.500000,3.700000,56.900000,10.000000,0.000000,0.600000,0.700000,1.000000,16.700000,7.800000,0.800000,1.200000,0.034182,0.034182,0,420272.195313,3876.453448
24,15,Hawaii,HI,15003,Honolulu,15003007808,"Census Tract 78.08, Honolulu County, Hawaii",0.425388,3509,754,1094,102,1058,95,968,587,108,54,308,123,210,109,155,99,551,162,702,289,449,166,48,39,176,99,3294,810,527,114,0,12,144,64,126,69,15,10,27.600000,15.600000,5.800000,2.700000,29.100000,11.300000,8.300000,3.800000,4.500000,2.800000,15.700000,4.600000,20.000000,7.000000,13.100000,5.000000,4.500000,3.700000,5.600000,2.900000,93.900000,11.200000,48.200000,9.400000,0.000000,2.900000,13.600000,5.900000,11.900000,6.600000,0.400000,0.300000,0.889400,0.701400,0.585900,0.694100,0.715000,3.585800,0.855100,0.312900,0.536500,0.684100,0.600000,0.734100,2.867600,0.712600,0.858800,0.858800,0.858800,0.809400,0.000000,0.795300,0.788600,0.534100,2.927400,0.819500,10.239600,0.893100,0,0,0,0,0,0,0,0,0,0,0,0,0,0,0,0,0,0,0,0,0,10917,298,1067,55,57,723,481,1449,415,0,12,353,197,714,459,0,12,8.500000,1.900000,1.600000,1.700000,20.600000,12.100000,41.300000,11.000000,0.000000,0.900000,10.100000,5.800000,20.300000,11.000000,0.000000,0.900000,0.058011,0.045036,15,1265981.574219,5146.347275
25,15,Hawaii,HI,15003,Honolulu,15003007809,"Census Tract 78.09, Honolulu County, Hawaii",0.950622,3239,564,1223,202,1223,202,37,37,25,22,92,55,15,23,19,21,1084,281,494,262,304,151,0,16,9,48,2905,489,123,120,0,12,111,124,10,15,0,12,1.100000,1.100000,1.600000,1.400000,7.500000,4.300000,0.600000,0.800000,0.600000,0.600000,33.500000,8.700000,15.300000,7.600000,9.600000,4.400000,0.000000,1.300000,0.300000,1.600000,89.700000,21.700000,10.100000,9.700000,0.000000,2.600000,9.100000,10.000000,0.800000,1.200000,0.000000,0.400000,0.023500,0.215600,0.051800,0.056500,0.090300,0.437700,0.011900,0.960000,0.256500,0.370500,0.000000,0.084700,1.671700,0.099800,0.715300,0.715300,0.715300,0.545900,0.000000,0.616500,0.156800,0.000000,1.319200,0.225700,4.143900,0.054600,0,0,0,0,0,0,1,0,0,0,0,1,0,0,0,0,0,0,0,0,1,1012,291,808,50,60,103,93,2152,376,0,12,14,22,575,292,11,17,9.000000,1.600000,1.500000,1.800000,3.200000,3.000000,66.400000,9.100000,0.000000,1.000000,0.400000,0.700000,17.800000,7.500000,0.300000,0.500000,0.086716,0.075487,0,2146028.574219,8570.456357
26,15,Hawaii,HI,15003,Honolulu,15003007812,"Census Tract 78.12, Honolulu County, Hawaii",0.284958,2074,359,803,80,759,88,290,203,104,65,156,62,69,55,60,46,381,127,368,147,212,118,84,46,127,146,1913,443,119,55,0,12,14,17,28,22,11,9,14.000000,9.500000,8.600000,5.100000,20.600000,7.800000,4.400000,3.400000,2.900000,2.300000,18.400000,5.800000,17.700000,6.400000,10.400000,5.100000,11.100000,5.900000,6.500000,7.400000,92.200000,14.200000,14.800000,6.700000,0.000000,4.000000,1.800000,2.200000,3.700000,2.900000,0.500000,0.400000,0.552900,0.846000,0.334100,0.371800,0.475100,2.579900,0.524900,0.458800,0.367100,0.448900,0.920000,0.769400,2.964200,0.750600,0.797600,0.797600,0.797600,0.595300,0.000000,0.141200,0.482200,0.574100,1.792800,0.394300,8.134500,0.596200,0,0,0,0,0,0,0,0,0,1,0,1,0,0,0,0,0,0,0,0,1,933,70,509,15,23,170,152,923,341,0,12,95,88,710,221,0,12,3.400000,0.600000,0.700000,1.100000,8.200000,7.300000,44.500000,12.400000,0.000000,1.600000,4.600000,4.200000,34.200000,10.100000,0.000000,1.600000,0.049427,0.049427,0,867574.613281,5649.687097
27,15,Hawaii,HI,15003,Honolulu,15003007813,"Census Tract 78.13, Honolulu County, Hawaii",0.203755,2928,506,851,93,843,93,121,80,61,48,204,93,24,18,46,57,475,108,531,173,309,110,44,38,68,60,2729,517,27,20,7,11,65,57,30,29,28,39,4.100000,2.600000,3.300000,2.600000,24.200000,10.700000,1.100000,0.800000,1.600000,1.800000,16.200000,3.900000,18.100000,5.000000,10.700000,3.500000,5.200000,4.500000,2.400000,2.100000,93.200000,7.200000,3.200000,2.300000,0.800000,1.300000,7.700000,6.700000,3.600000,3.500000,1.000000,1.300000,0.108200,0.436000,0.435300,0.077600,0.244700,1.301800,0.133000,0.343500,0.392900,0.467900,0.658800,0.475300,2.338400,0.399000,0.835300,0.835300,0.835300,0.432900,0.878900,0.543500,0.475100,0.677600,3.008000,0.838500,7.483500,0.501200,0,0,0,0,0,0,0,0,0,0,0,0,0,0,0,0,0,0,0,0,0,1186,100,714,15,23,199,124,1352,249,0,12,98,86,1013,422,52,63,3.400000,0.600000,0.500000,0.800000,6.800000,4.100000,46.200000,11.200000,0.000000,1.100000,3.300000,2.900000,34.600000,10.200000,1.800000,2.100000,0.029362,0.029362,0,606970.371094,3384.716551
28,15,Hawaii,HI,15003,Honolulu,15003007814,"Census Tract 78.14, Honolulu County, Hawaii",0.584380,3602,466,1146,100,1128,101,62,72,36,27,60,43,87,58,10,15,1292,312,511,170,527,253,0,16,15,47,3384,551,0,16,0,12,34,35,7,11,0,12,1.700000,2.000000,2.200000,1.700000,5.300000,3.800000,3.000000,2.000000,0.300000,0.400000,35.900000,7.000000,14.200000,4.300000,14.900000,5.900000,0.000000,1.400000,0.400000,1.400000,93.900000,9.300000,0.000000,1.400000,0.000000,2.800000,3.000000,3.100000,0.600000,1.000000,0.000000,0.300000,0.035300,0.274900,0.032900,0.237600,0.052300,0.633000,0.021400,0.969400,0.192900,0.805200,0.000000,0.103500,2.071000,0.244700,0.858800,0.858800,0.858800,0.000000,0.000000,0.216500,0.135400,0.000000,0.351900,0.028500,3.914700,0.038000,0,0,0,0,0,0,1,0,0,0,0,1,0,0,0,0,0,0,0,0,1,825,83,664,39,51,53,45,2546,444,0,12,47,51,699,316,0,12,2.300000,0.400000,1.100000,1.400000,1.500000,1.200000,70.700000,8.800000,0.000000,0.900000,1.300000,1.400000,19.400000,8.000000,0.000000,0.900000,0.060308,0.050890,0,1482568.832031,5803.094208
29,15,Hawaii,HI,15003,Honolulu,15003007815,"Census Tract 78.15, Honolulu County, Hawaii",7.687759,2294,583,765,139,736,147,108,71,37,51,60,44,85,89,276,386,431,194,526,297,203,76,18,19,54,96,2086,596,0,16,25,39,57,51,15,25,8,9,4.700000,2.900000,3.200000,4.300000,8.200000,5.700000,5.400000,5.400000,12.300000,15.400000,18.800000,9.300000,22.900000,11.600000,9.000000,3.800000,2.400000,2.500000,2.400000,4.300000,90.900000,11.900000,0.000000,2.100000,3.300000,5.100000,7.700000,6.800000,2.000000,3.300000,0.300000,0.400000,0.143500,0.410000,0.058800,0.475300,0.971500,2.059100,0.332500,0.487100,0.696500,0.287400,0.345900,0.475300,2.292200,0.356300,0.752900,0.752900,0.752900,0.000000,0.988100,0.543500,0.285000,0.501200,2.317800,0.591400,7.422000,0.489300,0,0,0,0,1,1,0,0,0,0,0,0,0,0,0,1,0,0,0,1,2,2945,161,825,18,20,181,153,1276,433,0,12,167,247,444,289,0,12,7.000000,1.800000,0.800000,1.000000,7.900000,6.000000,55.600000,14.700000,0.000000,1.400000,7.300000,10.500000,19.400000,10.300000,0.000000,1.400000,0.271392,0.061127,0,1358411.187500,7010.898327
30,15,Hawaii,HI,15003,Honolulu,15003007816,"Census Tract 78.16, Honolulu County, Hawaii",4.312056,3543,510,1396,135,1271,166,341,247,17,19,324,150,71,43,58,58,817,215,731,254,411,143,40,28,54,65,3002,585,372,112,0,12,77,68,12,14,11,10,9.600000,6.800000,1.000000,1.100000,25.500000,11.300000,2.700000,1.600000,1.800000,1.800000,23.100000,6.300000,20.600000,6.500000,12.400000,4.200000,3.100000,2.200000,1.600000,2.000000,84.700000,11.100000,26.600000,7.600000,0.000000,2.300000,6.100000,5.300000,0.900000,1.100000,0.300000,0.300000,0.371800,0.118500,0.475300,0.195300,0.273200,1.434100,0.159100,0.722400,0.581200,0.617600,0.437600,0.350600,2.709400,0.615200,0.543500,0.543500,0.543500,0.715300,0.000000,0.458800,0.166300,0.501200,1.841600,0.406200,6.528600,0.358700,0,0,0,0,0,0,0,0,0,0,0,0,0,0,0,0,0,0,0,0,0,972,108,724,161,158,278,195,1514,340,0,12,232,238,817,327,0,12,3.100000,0.500000,4.500000,4.600000,7.800000,5.200000,42.700000,8.100000,0.000000,0.900000,6.500000,6.500000,23.100000,8.100000,0.000000,0.900000,0.264709,0.087608,0,2528015.910156,9939.053106
31,15,Hawaii,HI,15003,Honolulu,15003007817,"Census Tract 78.17, Honolulu County, Hawaii",0.293880,1322,329,499,111,455,119,117,92,7,12,42,31,63,37,37,38,452,218,162,86,244,89,6,15,7,48,1191,313,0,16,0,12,0,16,17,20,0,12,8.900000,6.600000,1.200000,2.000000,9.200000,6.400000,5.900000,3.800000,2.800000,2.800000,34.200000,11.400000,12.300000,5.700000,18.700000,7.800000,1.300000,3.300000,0.600000,3.800000,90.100000,7.600000,0.000000,3.200000,0.000000,6.300000,0.000000,3.500000,3.700000,4.400000,0.000000,0.900000,0.343500,0.137400,0.072900,0.522400,0.448900,1.525100,0.187600,0.964700,0.117600,0.935900,0.202400,0.150600,2.371200,0.425200,0.724700,0.724700,0.724700,0.000000,0.000000,0.000000,0.482200,0.000000,0.482200,0.038000,5.103200,0.142500,0,0,0,0,0,0,1,0,1,0,0,2,0,0,0,0,0,0,0,0,2,395,183,480,0,12,53,48,800,273,0,12,77,93,261,111,0,12,13.800000,3.500000,0.000000,2.400000,4.000000,3.700000,60.500000,12.100000,0.000000,2.400000,5.800000,6.800000,19.700000,7.800000,0.000000,2.400000,0.064357,0.064357,0,876814.046875,7286.613305
32,15,Hawaii,HI,15003,Honolulu,15003008001,"Census Tract 80.01, Honolulu County, Hawaii",0.427695,2566,443,899,84,857,97,451,131,59,45,373,92,235,103,72,54,692,150,482,134,537,120,33,42,47,54,2366,492,499,77,0,12,133,72,150,49,93,94,18.400000,4.200000,5.200000,3.900000,43.500000,9.500000,12.700000,4.700000,2.900000,2.200000,27.000000,6.100000,18.800000,4.100000,21.800000,4.200000,3.900000,4.900000,1.900000,2.200000,92.200000,10.700000,55.500000,6.800000,0.000000,3.500000,15.500000,8.200000,17.500000,5.400000,3.600000,3.600000,0.722400,0.668200,0.880000,0.858800,0.475100,3.604500,0.862200,0.851800,0.442400,0.976200,0.531800,0.404700,3.206900,0.871700,0.797600,0.797600,0.797600,0.828200,0.000000,0.851800,0.848000,0.861200,3.389200,0.943000,10.998200,0.938200,0,0,0,0,0,0,0,0,1,0,0,1,0,0,0,0,0,0,0,0,1,2233,241,604,21,21,337,135,1235,367,0,12,217,114,556,276,0,12,9.700000,1.700000,0.800000,0.800000,13.100000,5.700000,48.100000,9.200000,0.000000,1.300000,8.500000,4.100000,21.700000,10.200000,0.000000,1.300000,0.096947,0.087203,32,1275480.308594,9897.643732
33,15,Hawaii,HI,15003,Honolulu,15003008002,"Census Tract 80.02, Honolulu County, Hawaii",0.481336,3002,567,756,78,729,82,275,108,35,28,119,53,136,59,50,39,781,226,448,174,376,121,21,24,110,77,2781,661,43,28,0,12,34,29,20,17,159,99,9.600000,3.300000,2.200000,1.700000,16.300000,7.000000,6.200000,2.800000,1.800000,1.300000,26.000000,4.800000,14.900000,5.100000,13.300000,3.700000,2.900000,3.300000,3.900000,2.600000,92.600000,13.400000,5.700000,3.700000,0.000000,4.200000,4.700000,3.900000,2.700000,2.300000,5.300000,3.100000,0.371800,0.274900,0.218800,0.560000,0.273200,1.698700,0.237500,0.823500,0.230600,0.707800,0.416500,0.625900,2.804300,0.681700,0.816500,0.816500,0.816500,0.501200,0.000000,0.357600,0.363400,0.898800,2.121000,0.524900,7.440500,0.496400,0,0,0,0,0,0,0,0,0,0,0,0,0,0,0,0,0,0,0,0,0,5739,88,796,44,59,281,153,1808,574,0,12,252,253,391,131,5,8,3.100000,0.700000,1.500000,1.900000,9.400000,5.500000,60.200000,10.300000,0.000000,1.100000,8.400000,8.300000,13.000000,4.900000,0.200000,0.300000,0.061269,0.061269,2,1441914.148438,7010.698178
34,15,Hawaii,HI,15003,Honolulu,15003008005,"Census Tract 80.05, Honolulu County, Hawaii",5.111037,6178,1166,2086,294,1982,296,407,288,80,60,292,145,154,75,43,44,1653,241,1131,445,718,267,0,24,120,164,5278,1104,0,24,0,17,210,213,92,57,12,6,6.600000,4.500000,2.500000,2.100000,14.700000,7.000000,3.200000,1.700000,0.700000,0.800000,26.800000,5.600000,18.300000,6.300000,11.700000,4.400000,0.000000,1.200000,2.100000,2.800000,85.400000,7.700000,0.000000,1.200000,0.000000,1.500000,10.600000,10.600000,4.600000,3.000000,0.200000,0.100000,0.235300,0.324600,0.169400,0.265900,0.104500,1.099700,0.078400,0.847100,0.400000,0.558200,0.000000,0.428200,2.233500,0.320700,0.564700,0.564700,0.564700,0.000000,0.000000,0.691800,0.524900,0.456500,1.673200,0.346800,5.571100,0.206700,0,0,0,0,0,0,0,0,0,0,0,0,0,0,0,0,0,0,0,0,0,2275,523,1699,9,15,441,161,2585,598,0,17,360,261,1883,876,0,17,8.500000,1.600000,0.100000,0.200000,7.100000,2.900000,41.800000,9.000000,0.000000,0.500000,5.800000,4.300000,30.500000,10.000000,0.000000,0.500000,0.237688,0.027545,0,248532.808594,3111.797072
35,15,Hawaii,HI,15003,Honolulu,15003008008,"Census Tract 80.08, Honolulu County, Hawaii",0.188383,1604,374,500,73,446,88,303,211,6,10,149,80,25,24,47,60,153,69,595,195,90,60,19,28,37,56,1255,395,0,16,0,12,51,51,15,16,11,12,19.000000,12.500000,1.100000,1.900000,33.400000,16.700000,2.800000,2.500000,3.300000,3.700000,9.500000,5.200000,37.100000,8.500000,6.400000,4.600000,4.300000,6.200000,2.800000,4.200000,78.200000,16.600000,0.000000,3.200000,0.000000,6.300000,11.400000,11.200000,3.400000,3.600000,0.700000,0.700000,0.743500,0.128000,0.729400,0.207100,0.534400,2.342400,0.444200,0.136500,0.960000,0.102100,0.574100,0.527100,2.299800,0.363400,0.411800,0.411800,0.411800,0.000000,0.000000,0.722400,0.448900,0.616500,1.787800,0.389500,6.841800,0.396700,0,0,0,0,0,0,0,1,0,0,0,1,0,0,0,0,0,0,0,0,1,804,161,506,58,79,611,264,255,161,0,12,129,183,202,143,0,12,10.100000,2.400000,3.600000,4.700000,38.100000,14.100000,15.900000,9.100000,0.000000,2.000000,8.000000,10.700000,12.600000,8.200000,0.000000,2.000000,0.033592,0.033592,0,582274.031250,3837.186040
36,15,Hawaii,HI,15003,Honolulu,15003008009,"Census Tract 80.09, Honolulu County, Hawaii",0.381395,2723,530,1263,175,1188,181,573,370,59,33,372,155,172,123,10,13,416,173,502,251,546,165,87,109,54,62,2137,395,809,111,0,12,54,28,252,97,11,10,21.600000,13.400000,4.000000,2.300000,31.300000,12.100000,8.800000,5.600000,0.400000,0.500000,15.300000,6.700000,18.400000,8.500000,20.900000,4.900000,7.300000,9.100000,2.100000,2.300000,78.500000,21.100000,64.100000,12.500000,0.000000,2.500000,4.500000,2.300000,21.200000,8.200000,0.400000,0.400000,0.795300,0.542700,0.644700,0.720000,0.064100,2.766800,0.593800,0.298800,0.409400,0.971500,0.818800,0.428200,2.926700,0.734000,0.416500,0.416500,0.416500,0.872900,0.000000,0.343500,0.888400,0.534100,2.638900,0.736300,8.748900,0.698300,0,0,0,0,0,0,0,0,1,0,0,1,0,0,0,0,0,0,0,0,1,4018,252,747,27,27,389,208,1162,221,0,12,111,135,448,213,0,12,9.300000,1.800000,1.000000,1.000000,14.300000,7.600000,42.700000,10.500000,0.000000,1.200000,4.100000,4.900000,16.500000,8.000000,0.000000,1.200000,0.066062,0.066062,2,1116413.636719,7575.763745
37,15,Hawaii,HI,15003,Honolulu,15003008010,"Census Tract 80.10, Honolulu County, Hawaii",0.198463,2221,443,665,78,643,82,93,55,26,31,59,40,115,71,21,24,644,110,400,137,551,207,0,16,104,83,2097,423,0,16,0,12,18,25,26,27,45,43,4.200000,2.400000,2.300000,2.900000,9.200000,6.100000,7.300000,4.300000,1.000000,1.100000,29.000000,4.800000,18.000000,5.000000,25.000000,6.800000,0.000000,2.500000,4.900000,3.700000,94.400000,2.900000,0.000000,2.400000,0.000000,4.800000,2.800000,3.900000,4.000000,4.200000,2.000000,1.900000,0.112900,0.291500,0.072900,0.642400,0.152000,1.271700,0.123500,0.896500,0.381200,0.992900,0.000000,0.689400,2.960000,0.748200,0.870600,0.870600,0.870600,0.000000,0.000000,0.197600,0.494100,0.778800,1.470500,0.280300,6.572800,0.365800,0,0,0,0,0,0,0,0,1,0,0,1,0,0,0,0,0,0,0,0,1,535,177,634,19,20,47,62,1486,327,0,12,116,65,399,251,30,32,8.100000,1.700000,0.900000,0.900000,2.100000,2.900000,66.900000,9.000000,0.000000,1.500000,5.200000,3.000000,18.000000,9.700000,1.400000,1.500000,0.027993,0.027993,0,589504.636719,3219.702263
38,15,Hawaii,HI,15003,Honolulu,15003008011,"Census Tract 80.11, Honolulu County, Hawaii",0.593847,2440,823,760,118,760,118,48,60,9,14,163,83,267,233,9,14,1024,252,459,333,226,89,19,24,99,97,2389,869,0,16,0,12,102,106,45,35,48,54,2.000000,2.400000,0.800000,1.500000,21.400000,10.400000,13.900000,9.600000,0.400000,0.600000,42.000000,7.600000,18.800000,12.100000,9.300000,4.800000,2.500000,3.100000,4.200000,3.900000,97.900000,13.300000,0.000000,2.100000,0.000000,4.200000,13.400000,13.800000,5.900000,4.500000,2.000000,2.100000,0.044700,0.094800,0.364700,0.887100,0.064100,1.455400,0.166300,0.992900,0.442400,0.334900,0.355300,0.644700,2.770200,0.665100,0.952900,0.952900,0.952900,0.000000,0.000000,0.783500,0.598600,0.778800,2.160900,0.532100,7.339400,0.472700,0,0,0,0,0,0,1,0,0,0,0,1,1,1,0,0,0,0,0,0,2,3192,205,1180,11,17,100,97,1452,312,0,12,542,788,284,169,0,12,8.600000,3.000000,0.500000,0.700000,4.100000,4.100000,59.500000,22.400000,0.000000,1.300000,22.200000,26.800000,11.600000,7.700000,0.000000,1.300000,0.082191,0.077469,1,1679209.535156,8850.847048
39,15,Hawaii,HI,15003,Honolulu,15003008012,"Census Tract 80.12, Honolulu County, Hawaii",0.308239,2743,427,791,85,791,85,194,114,16,18,133,63,189,120,88,58,930,208,415,117,632,223,51,32,112,88,2649,495,0,16,0,12,64,46,79,47,32,21,7.100000,4.000000,1.200000,1.300000,16.800000,7.800000,8.900000,5.200000,3.200000,1.800000,33.900000,5.400000,15.100000,3.600000,23.300000,5.800000,6.400000,4.000000,4.200000,3.300000,96.600000,10.000000,0.000000,2.000000,0.000000,4.000000,8.100000,5.700000,10.000000,5.600000,1.200000,0.700000,0.261200,0.137400,0.225900,0.727100,0.522600,1.874200,0.268400,0.962400,0.242400,0.985700,0.769400,0.644700,3.604600,0.969100,0.917600,0.917600,0.917600,0.000000,0.000000,0.557600,0.738700,0.703500,1.999800,0.467900,8.396200,0.636600,0,0,0,0,0,0,1,0,1,0,0,2,1,1,0,0,0,0,0,0,3,2687,192,610,0,12,141,90,1923,405,0,12,94,106,491,248,0,12,7.100000,1.100000,0.000000,1.200000,5.100000,3.300000,70.100000,9.100000,0.000000,1.200000,3.400000,3.900000,17.900000,8.600000,0.000000,1.200000,0.037305,0.037305,0,925646.308594,4330.212579
40,15,Hawaii,HI,15003,Honolulu,15003008013,"Census Tract 80.13, Honolulu County, Hawaii",0.270687,2083,212,672,46,659,50,35,37,27,23,44,34,52,34,33,34,803,123,371,107,211,85,0,16,62,68,2006,315,0,16,0,12,29,31,15,22,10,23,1.700000,1.800000,3.200000,2.800000,6.700000,5.100000,3.200000,2.100000,1.600000,1.700000,38.600000,5.000000,17.800000,4.800000,10.200000,3.900000,0.000000,2.400000,3.100000,3.400000,96.300000,11.500000,0.000000,2.400000,0.000000,4.700000,4.400000,4.700000,2.300000,3.400000,0.500000,1.100000,0.035300,0.410000,0.042400,0.265900,0.244700,0.998300,0.071300,0.976500,0.374100,0.434700,0.000000,0.560000,2.345300,0.401400,0.910600,0.910600,0.910600,0.000000,0.000000,0.334100,0.327800,0.574100,1.236000,0.204300,5.490200,0.192400,0,0,0,0,0,0,1,0,0,0,0,1,1,1,0,0,0,0,0,0,2,791,89,309,0,12,208,148,1484,239,0,12,62,45,252,134,0,12,4.300000,0.500000,0.000000,1.500000,10.000000,7.000000,71.200000,6.600000,0.000000,1.500000,3.000000,2.100000,12.100000,6.800000,0.000000,1.500000,0.031493,0.031493,0,804088.152344,3635.577343
41,15,Hawaii,HI,15003,Honolulu,15003008301,"Census Tract 83.01, Honolulu County, Hawaii",5.743621,4968,846,1471,140,1257,175,616,442,120,60,405,128,91,54,115,73,169,62,1871,448,408,143,114,66,46,56,3018,623,7,19,5,9,225,110,7,11,0,12,12.500000,8.700000,6.900000,3.600000,32.200000,9.100000,3.500000,2.100000,2.600000,1.500000,3.400000,1.200000,37.700000,6.300000,9.200000,3.400000,9.100000,5.100000,1.100000,1.300000,60.700000,7.100000,0.500000,1.300000,0.300000,0.600000,17.900000,8.400000,0.600000,0.900000,0.000000,0.200000,0.480000,0.758300,0.668200,0.301200,0.418100,2.625800,0.546300,0.063500,0.964700,0.327800,0.872900,0.237600,2.466500,0.477400,0.190600,0.190600,0.190600,0.247100,0.812400,0.880000,0.135400,0.000000,2.074900,0.498800,7.357800,0.479800,0,0,0,0,0,0,0,1,0,0,0,1,0,0,0,0,0,0,0,0,1,5849,66,1195,296,148,951,255,482,232,0,12,519,368,770,336,0,12,1.300000,24.100000,6.000000,2.800000,19.100000,5.300000,9.700000,3.700000,0.000000,0.700000,10.400000,6.700000,15.500000,5.300000,0.000000,0.700000,0.176242,0.208167,12,17122600.816406,23932.171098
42,15,Hawaii,HI,15003,Honolulu,15003008302,"Census Tract 83.02, Honolulu County, Hawaii",0.591616,5978,1063,1295,107,1233,114,866,367,107,69,304,101,578,235,245,139,906,191,1174,309,446,162,45,49,513,213,5734,1064,60,46,34,28,222,103,18,20,81,62,14.600000,5.600000,3.200000,2.000000,24.700000,7.900000,14.000000,5.800000,4.100000,2.400000,15.200000,4.200000,19.600000,3.800000,7.500000,3.000000,3.600000,4.000000,9.000000,3.400000,95.900000,5.100000,4.600000,3.500000,2.600000,2.200000,18.000000,8.200000,1.500000,1.600000,1.400000,1.000000,0.585900,0.410000,0.451800,0.889400,0.662700,2.999800,0.669800,0.294100,0.505900,0.168600,0.496500,0.854100,2.319200,0.382400,0.901200,0.901200,0.901200,0.480000,0.978600,0.889400,0.232800,0.729400,3.310200,0.921600,9.530400,0.807600,0,0,0,0,0,0,0,0,0,0,0,0,1,1,0,1,0,0,0,1,2,7597,447,1584,0,17,775,366,3393,894,0,17,687,338,879,291,0,17,7.600000,1.400000,0.000000,0.500000,13.000000,5.400000,56.800000,8.900000,0.000000,0.500000,11.500000,5.700000,14.700000,5.200000,0.000000,0.500000,0.058084,0.057094,0,1746109.121094,6614.225383
43,15,Hawaii,HI,15003,Honolulu,15003008405,"Census Tract 84.05, Honolulu County, Hawaii",0.414702,4902,731,1319,224,1255,228,328,209,128,141,227,159,188,147,288,159,340,164,1020,282,390,157,44,44,125,144,4506,853,0,16,11,18,118,77,21,22,0,12,6.700000,4.100000,4.500000,4.600000,18.100000,12.200000,5.400000,4.000000,6.000000,3.100000,6.900000,2.800000,20.800000,4.800000,8.100000,2.700000,3.500000,3.400000,2.800000,3.200000,91.900000,10.700000,0.000000,1.200000,0.800000,1.400000,9.400000,5.900000,1.700000,1.800000,0.000000,0.200000,0.240000,0.597200,0.275300,0.475300,0.821900,2.409700,0.467900,0.089400,0.597600,0.211400,0.482400,0.527100,1.907900,0.185300,0.781200,0.781200,0.781200,0.000000,0.878900,0.632900,0.254200,0.000000,1.766000,0.382400,6.864800,0.401400,0,0,0,0,0,0,0,0,0,0,0,0,0,0,0,0,0,0,0,0,0,2539,138,1037,440,443,382,186,2283,578,0,12,256,253,1121,314,24,37,2.800000,0.500000,9.000000,8.400000,7.800000,3.800000,46.600000,8.800000,0.000000,0.700000,5.200000,5.100000,22.900000,6.700000,0.500000,0.800000,0.041861,0.041861,0,1242645.582031,4894.755190
44,15,Hawaii,HI,15003,Honolulu,15003008410,"Census Tract 84.10, Honolulu County, Hawaii",0.713798,5211,705,1646,147,1497,161,105,89,119,85,203,98,229,97,91,67,402,132,1464,379,474,181,98,53,73,85,4568,756,0,24,0,17,114,72,8,14,0,17,2.000000,1.700000,4.200000,3.000000,13.600000,6.400000,6.600000,2.700000,1.800000,1.300000,7.700000,2.600000,28.100000,6.200000,9.400000,3.200000,6.500000,3.500000,1.600000,1.800000,87.700000,8.300000,0.000000,1.500000,0.000000,2.000000,7.600000,4.700000,0.500000,1.000000,0.000000,0.300000,0.044700,0.561600,0.145900,0.595300,0.273200,1.620700,0.213800,0.108200,0.851800,0.342000,0.776500,0.350600,2.429100,0.448900,0.644700,0.644700,0.644700,0.000000,0.000000,0.541200,0.128300,0.000000,0.669500,0.076000,5.364000,0.166300,0,0,0,0,0,0,0,0,0,0,0,0,0,0,0,0,0,0,0,0,0,2286,232,992,130,83,611,399,2680,538,35,58,208,129,904,311,0,17,4.500000,0.600000,2.500000,1.500000,11.700000,7.100000,51.400000,9.100000,0.700000,1.100000,4.000000,2.500000,17.300000,5.300000,0.000000,0.600000,0.055984,0.027281,0,409678.554688,3095.160219
45,15,Hawaii,HI,15003,Honolulu,15003008411,"Census Tract 84.11, Honolulu County, Hawaii",0.498692,3698,602,1232,157,1208,161,149,90,109,66,220,85,89,74,85,73,277,128,865,299,425,119,20,33,137,137,3400,706,331,133,0,12,243,103,54,44,0,12,4.000000,2.300000,4.900000,2.700000,18.200000,6.600000,3.600000,2.900000,2.300000,2.100000,7.500000,3.500000,23.400000,7.100000,11.600000,3.200000,1.700000,2.700000,4.100000,4.100000,91.900000,11.900000,26.900000,10.200000,0.000000,2.600000,20.100000,8.100000,4.500000,3.600000,0.000000,0.300000,0.098800,0.632700,0.280000,0.310600,0.363400,1.685500,0.232800,0.103500,0.710600,0.548700,0.251800,0.637600,2.252200,0.327800,0.781200,0.781200,0.781200,0.717600,0.000000,0.910600,0.522600,0.000000,2.150800,0.529700,6.869700,0.403800,0,0,0,0,0,0,0,0,0,0,0,0,0,0,0,0,1,0,0,1,1,1117,506,876,107,140,568,215,1585,524,0,12,64,45,1076,395,0,12,13.700000,2.200000,2.900000,3.700000,15.400000,5.800000,42.900000,11.200000,0.000000,0.900000,1.700000,1.300000,29.100000,9.600000,0.000000,0.900000,0.060952,0.040029,0,926725.753906,4565.549412
46,15,Hawaii,HI,15003,Honolulu,15003008413,"Census Tract 84.13, Honolulu County, Hawaii",0.184346,2810,498,646,159,622,162,227,131,40,29,101,59,503,248,122,90,620,232,600,168,480,224,0,16,180,94,2670,583,23,20,0,12,52,30,0,12,80,46,8.400000,4.600000,3.100000,2.000000,16.200000,8.500000,24.800000,10.000000,4.400000,3.200000,22.100000,7.300000,21.400000,4.600000,17.200000,6.800000,0.000000,2.600000,6.600000,3.200000,95.000000,12.100000,3.600000,3.000000,0.000000,4.900000,8.400000,4.300000,0.000000,5.100000,2.800000,1.600000,0.312900,0.402800,0.211800,0.971800,0.703100,2.602400,0.534400,0.656500,0.625900,0.893100,0.000000,0.776500,2.952000,0.741100,0.880000,0.880000,0.880000,0.454100,0.000000,0.585900,0.000000,0.821200,1.861200,0.410900,8.295600,0.624700,0,0,0,1,0,1,0,0,0,0,0,0,0,0,0,0,0,0,0,0,1,773,656,709,5,8,184,155,1694,364,0,12,540,369,247,217,0,12,24.000000,4.300000,0.200000,0.300000,6.500000,5.300000,60.300000,12.500000,0.000000,1.100000,19.200000,11.400000,8.800000,7.700000,0.000000,1.100000,0.029772,0.019725,0,190749.136719,2279.240374
47,15,Hawaii,HI,15003,Honolulu,15003008414,"Census Tract 84.14, Honolulu County, Hawaii",0.659754,2493,547,710,181,710,181,25,39,51,55,128,125,66,66,23,26,201,146,934,343,192,116,37,48,52,67,2087,678,9,17,0,12,55,50,51,81,0,12,1.000000,1.500000,5.300000,5.600000,18.000000,17.000000,4.400000,4.300000,1.000000,1.200000,8.100000,5.500000,37.500000,11.000000,8.600000,5.500000,5.200000,6.600000,2.300000,2.900000,83.700000,20.100000,1.300000,2.400000,0.000000,4.500000,7.700000,6.800000,7.200000,10.700000,0.000000,0.500000,0.021200,0.675400,0.263500,0.371800,0.152000,1.483900,0.175800,0.112900,0.962400,0.258900,0.658800,0.458800,2.451800,0.470300,0.515300,0.515300,0.515300,0.345900,0.000000,0.543500,0.660300,0.000000,1.549700,0.308800,6.000700,0.266000,0,0,0,0,0,0,0,1,0,0,0,1,0,0,0,0,0,0,0,0,1,1208,28,774,204,189,170,168,981,425,0,12,229,362,483,290,20,32,1.100000,31.000000,8.200000,7.600000,6.800000,6.700000,39.400000,13.400000,0.000000,1.300000,9.200000,13.900000,19.400000,10.600000,0.800000,1.300000,0.053461,0.051851,0,1799148.054688,5898.864210
48,15,Hawaii,HI,15003,Honolulu,15003008415,"Census Tract 84.15, Honolulu County, Hawaii",0.231104,4374,695,1091,168,1083,168,551,363,46,41,188,103,111,56,323,299,257,83,1405,290,414,166,111,73,38,58,3864,748,0,16,10,16,154,74,0,12,0,12,12.600000,8.100000,2.100000,2.000000,17.400000,9.100000,4.200000,2.300000,7.600000,6.500000,5.900000,2.100000,32.100000,4.200000,9.800000,3.200000,10.200000,6.600000,0.900000,1.400000,88.300000,9.800000,0.000000,1.500000,0.900000,1.500000,14.200000,6.500000,0.000000,3.000000,0.000000,0.300000,0.487100,0.265400,0.240000,0.362400,0.897900,2.252800,0.406200,0.080000,0.927100,0.399000,0.905900,0.202400,2.514400,0.517800,0.665900,0.665900,0.665900,0.000000,0.900200,0.814100,0.000000,0.000000,1.714300,0.365800,7.147400,0.437100,0,0,0,0,0,0,0,1,0,1,0,2,0,0,0,1,0,0,0,1,3,1013,240,978,235,126,810,433,1503,416,0,12,55,42,1261,426,0,12,5.500000,0.900000,5.400000,3.000000,18.500000,8.400000,34.400000,8.900000,0.000000,0.700000,1.300000,1.000000,28.800000,8.200000,0.000000,0.700000,0.030671,0.030671,0,696685.027344,3541.974993
49,15,Hawaii,HI,15003,Honolulu,15003008416,"Census Tract 84.16, Honolulu County, Hawaii",0.099907,3446,1592,770,164,770,164,309,365,60,75,210,140,14,23,440,602,263,107,1115,730,353,193,53,76,87,98,3183,1381,21,35,0,12,262,193,14,23,0,12,9.000000,9.700000,3.500000,5.100000,27.300000,17.200000,0.700000,1.200000,12.900000,13.300000,7.600000,4.800000,32.400000,15.000000,10.400000,3.500000,6.900000,9.800000,2.700000,2.700000,92.400000,58.600000,2.700000,4.500000,0.000000,4.100000,34.000000,24.000000,1.800000,3.100000,0.000000,0.300000,0.348200,0.462100,0.534100,0.061200,0.981000,2.386600,0.451300,0.105900,0.931800,0.448900,0.795300,0.510600,2.792500,0.669800,0.807100,0.807100,0.807100,0.414100,0.000000,0.978800,0.261300,0.000000,1.654200,0.334900,7.640400,0.517800,0,0,0,0,1,1,0,1,0,0,0,1,0,0,0,0,1,0,0,1,3,513,0,2251,51,85,409,328,1732,1197,0,12,320,412,671,437,0,12,0.000000,65.300000,1.500000,2.800000,11.900000,10.900000,50.300000,15.900000,0.000000,0.900000,9.300000,12.700000,19.500000,6.000000,0.000000,0.900000,0.024187,0.024187,0,297922.097656,2797.394845
50,15,Hawaii,HI,15003,Honolulu,15003008417,"Census Tract 84.17, Honolulu County, Hawaii",0.155459,4294,462,1465,141,1450,142,307,220,36,40,304,146,68,61,45,52,463,168,1000,284,222,130,80,78,95,90,3718,622,67,50,0,12,208,111,0,12,0,12,7.300000,5.200000,1.500000,1.700000,21.000000,9.900000,2.200000,2.000000,1.100000,1.200000,10.800000,3.900000,23.300000,6.100000,5.400000,3.000000,5.500000,5.400000,2.500000,2.400000,86.600000,11.100000,4.600000,3.400000,0.000000,2.200000,14.300000,7.500000,0.000000,2.200000,0.000000,0.300000,0.265900,0.201400,0.343500,0.155300,0.180500,1.146600,0.092600,0.150600,0.708200,0.066500,0.698800,0.487100,2.111200,0.268400,0.595300,0.595300,0.595300,0.480000,0.000000,0.821200,0.000000,0.000000,1.301200,0.220900,5.154300,0.147300,0,0,0,0,0,0,0,0,0,0,0,0,0,0,0,0,0,0,0,0,0,1144,325,688,75,70,753,281,1487,368,0,12,223,244,1180,330,0,12,7.600000,0.800000,1.700000,1.600000,17.500000,6.100000,34.600000,8.200000,0.000000,0.800000,5.200000,5.700000,27.500000,6.900000,0.000000,0.800000,0.031068,0.031068,0,470952.687500,3599.480088
51,15,Hawaii,HI,15003,Honolulu,15003008418,"Census Tract 84.18, Honolulu County, Hawaii",0.415290,5015,798,1402,117,1184,138,836,400,116,77,308,110,223,113,131,95,715,189,974,308,595,210,33,45,81,79,4526,865,61,63,0,17,152,88,19,21,34,58,16.700000,7.500000,4.400000,3.000000,26.000000,8.800000,6.100000,2.900000,2.700000,1.800000,14.300000,3.500000,19.400000,5.300000,12.100000,4.100000,2.800000,3.800000,1.700000,1.600000,90.200000,9.600000,4.400000,4.500000,0.000000,2.300000,12.800000,7.300000,1.600000,1.700000,0.700000,1.200000,0.665900,0.582900,0.491800,0.538800,0.429900,2.709300,0.570100,0.261200,0.482400,0.589100,0.397600,0.374100,2.104400,0.263700,0.731800,0.731800,0.731800,0.477600,0.000000,0.755300,0.247000,0.616500,2.096400,0.510700,7.641900,0.520200,0,0,0,0,0,0,0,0,0,0,0,0,0,0,0,0,0,0,0,0,0,1603,244,1157,0,17,1080,491,1952,540,0,17,535,232,959,402,0,17,4.900000,0.800000,0.000000,0.600000,21.500000,8.600000,38.900000,9.400000,0.000000,0.600000,10.700000,4.400000,19.100000,7.100000,0.000000,0.600000,0.073449,0.050070,0,478817.597656,5658.675624
52,15,Hawaii,HI,15003,Honolulu,15003008623,"Census Tract 86.23, Honolulu County, Hawaii",1.994180,5050,781,1241,119,1225,122,144,76,128,110,129,76,95,80,125,108,421,169,1576,436,469,169,0,24,17,71,4458,1000,0,24,0,17,119,88,50,55,0,17,2.900000,1.400000,4.900000,4.000000,10.500000,6.100000,3.000000,2.500000,2.500000,2.200000,8.300000,3.400000,31.200000,7.200000,9.400000,3.700000,0.000000,2.000000,0.400000,1.500000,88.300000,14.300000,0.000000,1.900000,0.000000,2.600000,9.700000,7.100000,4.100000,4.600000,0.000000,0.300000,0.068200,0.632700,0.096500,0.237600,0.403800,1.438800,0.161500,0.117600,0.917600,0.342000,0.000000,0.103500,1.480700,0.064100,0.665900,0.665900,0.665900,0.000000,0.000000,0.642400,0.496400,0.000000,1.138800,0.171000,4.724200,0.095000,0,0,0,0,0,0,0,1,0,0,0,1,0,0,0,0,0,0,0,0,1,4221,312,1115,19,30,692,381,1093,368,0,17,646,341,2008,776,0,17,6.200000,1.000000,0.400000,0.600000,13.700000,7.300000,21.600000,7.300000,0.000000,0.600000,12.800000,7.000000,39.800000,12.500000,0.000000,0.600000,0.102745,0.031945,0,488786.203125,3782.019776
53,15,Hawaii,HI,15003,Honolulu,15003008624,"Census Tract 86.24, Honolulu County, Hawaii",0.358949,3303,969,790,123,790,123,83,49,9,14,204,104,139,128,39,46,484,193,876,477,308,173,29,45,90,130,2956,898,0,16,0,12,161,128,0,12,15,13,2.500000,1.300000,0.500000,0.900000,25.800000,12.500000,6.300000,5.200000,1.200000,1.500000,14.700000,6.500000,26.500000,12.200000,9.500000,5.200000,3.700000,5.700000,2.900000,4.000000,89.500000,7.100000,0.000000,2.000000,0.000000,4.000000,20.400000,15.900000,0.000000,4.000000,0.500000,0.400000,0.056500,0.071100,0.484700,0.574100,0.199500,1.385900,0.152000,0.268200,0.811800,0.356300,0.501200,0.534100,2.471600,0.486900,0.712900,0.712900,0.712900,0.000000,0.000000,0.912900,0.000000,0.574100,1.487000,0.285000,6.057400,0.273200,0,0,0,0,0,0,0,0,0,0,0,0,0,0,0,0,1,0,0,1,1,1125,70,1376,12,20,658,645,1678,554,0,12,114,127,494,261,0,12,2.100000,0.700000,0.400000,0.600000,19.900000,15.300000,50.800000,17.200000,0.000000,1.000000,3.500000,3.500000,15.000000,7.100000,0.000000,1.000000,0.041400,0.041366,0,1082320.347656,4841.990784
54,15,Hawaii,HI,15003,Honolulu,15003008625,"Census Tract 86.25, Honolulu County, Hawaii",0.278975,3334,725,930,122,873,99,491,267,36,42,328,125,539,246,200,130,953,242,648,280,562,189,22,37,236,146,3285,799,200,109,0,12,138,69,131,76,10,13,14.700000,7.300000,2.300000,2.700000,37.600000,13.700000,23.900000,9.100000,6.100000,3.700000,28.600000,8.300000,19.400000,7.300000,17.100000,5.200000,2.500000,4.200000,7.200000,4.200000,98.500000,10.700000,21.500000,11.400000,0.000000,3.400000,15.800000,7.700000,15.000000,8.600000,0.300000,0.400000,0.595300,0.291500,0.800000,0.967100,0.829000,3.482900,0.821900,0.877600,0.482400,0.886000,0.355300,0.802400,3.403700,0.933500,0.969400,0.969400,0.969400,0.663500,0.000000,0.856500,0.826600,0.501200,2.847800,0.793300,10.703800,0.919200,0,0,0,1,0,1,0,0,0,0,0,0,1,1,0,0,0,0,0,0,2,937,481,1067,49,77,165,119,2557,749,0,12,80,76,434,229,0,12,14.500000,3.200000,1.500000,2.400000,4.900000,3.800000,76.700000,9.400000,0.000000,1.000000,2.400000,2.300000,13.000000,7.000000,0.000000,1.000000,0.038341,0.038341,0,825466.328125,4410.861975
55,15,Hawaii,HI,15003,Honolulu,15003008626,"Census Tract 86.26, Honolulu County, Hawaii",0.921775,3283,972,988,220,988,220,889,752,0,12,474,256,216,119,108,110,524,208,1288,689,432,168,245,215,250,172,3233,1106,212,106,25,27,132,101,101,67,5,6,27.100000,21.500000,0.000000,2.500000,48.000000,23.600000,12.400000,6.500000,3.300000,3.200000,16.000000,8.100000,39.200000,17.500000,13.200000,5.000000,24.800000,21.000000,9.300000,6.000000,98.500000,16.900000,21.500000,9.600000,2.500000,2.800000,13.400000,9.800000,10.200000,7.000000,0.200000,0.200000,0.882400,0.000000,0.920000,0.854100,0.534400,3.190900,0.743500,0.336500,0.971800,0.693600,0.997600,0.868200,3.867700,0.992900,0.969400,0.969400,0.969400,0.663500,0.973900,0.783500,0.745800,0.456500,3.623200,0.966700,11.651200,0.973900,0,0,1,0,0,1,0,1,0,1,0,2,1,1,0,1,0,0,0,1,5,2340,679,1179,0,12,130,116,1894,957,17,27,138,103,1054,533,0,12,20.700000,6.100000,0.000000,1.000000,4.000000,3.700000,57.700000,17.300000,0.500000,0.900000,4.200000,3.800000,32.100000,15.500000,0.000000,1.000000,0.078400,0.064426,13,1821477.644531,7385.139140
56,15,Hawaii,HI,15003,Honolulu,15003008627,"Census Tract 86.27, Honolulu County, Hawaii",28.384262,6197,959,1741,201,1662,208,1256,566,120,93,405,159,264,132,106,101,452,191,2107,466,416,191,126,114,123,123,4765,1071,163,119,0,17,207,131,40,66,41,45,20.400000,8.600000,4.800000,3.900000,24.400000,9.100000,7.400000,3.700000,1.800000,1.700000,7.300000,3.200000,34.000000,5.400000,7.200000,3.000000,7.600000,6.800000,2.200000,2.200000,76.900000,12.500000,9.400000,6.700000,0.000000,1.800000,12.500000,7.700000,2.400000,3.900000,0.700000,0.700000,0.776500,0.623200,0.437600,0.644700,0.273200,2.755200,0.586700,0.096500,0.943500,0.156800,0.828200,0.442400,2.467400,0.479800,0.376500,0.376500,0.376500,0.541200,0.000000,0.752900,0.330200,0.616500,2.240800,0.574800,7.839900,0.546300,0,0,0,0,0,0,0,1,0,0,0,1,0,0,0,0,0,0,0,0,1,2702,400,1344,657,481,766,433,1697,493,1,6,113,100,1531,690,0,17,6.500000,1.000000,10.600000,7.300000,12.400000,6.800000,27.400000,6.700000,0.000000,0.100000,1.800000,1.600000,24.700000,9.600000,0.000000,0.500000,0.442581,0.135100,14,13251101.300781,15851.697221
57,15,Hawaii,HI,15003,Honolulu,15003008702,"Census Tract 87.02, Honolulu County, Hawaii",0.414896,4921,678,1586,111,1512,129,1126,323,209,139,607,132,683,185,311,135,1098,237,923,237,678,166,41,39,552,204,4717,802,759,125,0,12,232,82,288,105,113,70,23.200000,5.800000,9.300000,5.100000,40.100000,8.000000,19.300000,4.700000,6.400000,2.500000,22.300000,4.500000,18.800000,4.100000,14.000000,3.500000,2.700000,2.600000,12.000000,4.200000,95.900000,9.500000,47.900000,7.100000,0.000000,2.000000,15.300000,5.300000,19.000000,6.900000,2.300000,1.400000,0.823500,0.874400,0.837600,0.950600,0.850400,4.336500,0.976200,0.670600,0.442400,0.745800,0.381200,0.922400,3.162400,0.850400,0.901200,0.901200,0.901200,0.807100,0.000000,0.847100,0.855100,0.802400,3.311700,0.924000,11.711800,0.976200,0,0,0,1,0,1,0,0,0,0,1,1,1,1,0,0,0,0,0,0,3,3859,962,959,42,47,356,178,3599,704,0,12,291,201,429,272,0,12,20.000000,2.800000,0.900000,0.900000,7.200000,3.700000,73.100000,8.800000,0.000000,0.700000,5.900000,4.200000,8.700000,5.400000,0.000000,0.700000,0.053168,0.053168,4,1266752.078125,6149.752473
58,15,Hawaii,HI,15003,Honolulu,15003008704,"Census Tract 87.04, Honolulu County, Hawaii",0.756263,2207,424,598,97,598,97,275,187,14,23,121,91,133,68,76,74,525,155,280,182,327,135,21,37,89,77,2054,470,96,90,0,12,81,42,13,21,39,40,12.500000,8.200000,1.300000,2.000000,20.200000,14.900000,8.200000,3.500000,3.700000,3.400000,23.800000,6.400000,12.700000,7.900000,16.000000,6.500000,3.500000,6.200000,4.200000,3.600000,93.100000,11.600000,16.100000,14.800000,0.000000,5.300000,13.500000,6.700000,2.200000,3.500000,1.800000,1.800000,0.480000,0.154000,0.322400,0.689400,0.601000,2.246800,0.403800,0.743500,0.134100,0.850400,0.482400,0.644700,2.855100,0.707800,0.832900,0.832900,0.832900,0.611800,0.000000,0.790600,0.313500,0.767100,2.483000,0.653200,8.417800,0.643700,0,0,0,0,0,0,0,0,0,0,0,0,0,0,0,0,0,0,0,0,0,6880,276,589,34,38,363,225,1077,351,0,12,91,57,489,207,0,12,12.700000,2.500000,1.500000,1.800000,16.400000,9.700000,48.800000,10.800000,0.000000,1.500000,4.100000,2.600000,22.200000,9.000000,0.000000,1.500000,0.076267,0.076284,26,2257168.925781,8706.665647
59,15,Hawaii,HI,15003,Honolulu,15003008705,"Census Tract 87.05, Honolulu County, Hawaii",0.246426,3533,562,894,98,838,116,1710,480,146,98,430,129,218,123,430,201,182,91,1259,356,289,136,97,65,259,172,3428,808,273,109,0,12,489,142,90,75,60,28,48.800000,11.300000,9.300000,5.700000,51.300000,13.700000,11.900000,6.400000,12.400000,5.100000,5.200000,2.800000,35.600000,8.300000,8.300000,4.100000,11.600000,7.600000,8.400000,5.400000,97.000000,16.900000,30.500000,11.700000,0.000000,3.600000,58.400000,14.900000,10.700000,8.700000,1.700000,0.700000,0.981200,0.874400,0.948200,0.840000,0.976200,4.620000,0.995200,0.072900,0.950600,0.228000,0.929400,0.837600,3.018500,0.779100,0.936500,0.936500,0.936500,0.731800,0.000000,0.997600,0.755300,0.757600,3.242300,0.909700,11.817300,0.978600,1,0,1,0,1,3,0,1,0,1,0,2,1,1,0,0,1,0,0,1,7,3585,818,867,2,3,300,242,787,300,0,12,1830,663,509,254,0,12,23.600000,3.800000,0.100000,0.100000,8.500000,6.900000,22.300000,8.600000,0.000000,0.900000,51.800000,13.800000,14.400000,7.400000,0.000000,0.900000,0.047341,0.048172,1,658559.824219,5599.227065
60,15,Hawaii,HI,15003,Honolulu,15003008706,"Census Tract 87.06, Honolulu County, Hawaii",0.504706,3853,655,1022,151,1002,152,524,351,17,20,270,148,220,113,60,58,509,135,793,276,490,198,66,61,146,88,3686,779,130,67,0,12,108,77,22,34,12,11,13.600000,8.800000,0.800000,0.900000,26.900000,14.200000,8.400000,4.300000,1.600000,1.600000,13.200000,3.200000,20.600000,6.200000,12.900000,4.200000,6.600000,6.000000,3.900000,2.300000,95.700000,12.000000,12.700000,6.300000,0.000000,3.100000,10.800000,7.500000,2.200000,3.400000,0.300000,0.300000,0.529400,0.094800,0.517600,0.696500,0.244700,2.083000,0.339700,0.214100,0.581200,0.662700,0.785900,0.625900,2.869800,0.715000,0.898800,0.898800,0.898800,0.574100,0.000000,0.698800,0.313500,0.501200,2.087600,0.503600,7.939200,0.553400,0,0,0,0,0,0,0,0,0,0,0,0,0,0,0,0,0,0,0,0,0,4046,306,927,37,36,432,253,1811,557,0,12,907,400,499,268,0,12,8.000000,1.400000,1.000000,1.000000,11.200000,6.200000,47.000000,10.400000,0.000000,0.800000,23.500000,10.300000,13.000000,6.500000,0.000000,0.800000,0.083344,0.081373,1,1470884.156250,9419.837777
61,15,Hawaii,HI,15003,Honolulu,15003008707,"Census Tract 87.07, Honolulu County, Hawaii",0.316695,5970,854,1309,192,1228,183,533,280,34,43,264,121,450,202,200,114,1320,330,1266,252,791,216,113,78,617,291,5775,862,91,84,0,17,224,85,89,62,228,160,9.100000,4.600000,1.200000,1.500000,21.500000,9.300000,10.300000,4.500000,3.400000,1.600000,22.100000,4.500000,21.200000,2.900000,13.400000,2.900000,9.200000,6.200000,11.200000,5.000000,96.700000,4.100000,7.000000,6.300000,0.000000,2.400000,18.200000,6.400000,7.200000,5.100000,3.800000,2.600000,0.350600,0.137400,0.369400,0.788200,0.555800,2.201400,0.382400,0.656500,0.616500,0.717300,0.877600,0.908200,3.776100,0.981000,0.922400,0.922400,0.922400,0.527100,0.000000,0.891800,0.660300,0.865900,2.945100,0.824200,9.845000,0.833700,0,0,0,0,0,0,0,0,0,0,1,1,1,1,0,0,0,0,0,0,2,1182,846,1101,11,24,201,125,5039,809,0,17,134,178,390,204,0,17,14.700000,2.100000,0.200000,0.400000,3.400000,2.100000,84.400000,4.500000,0.000000,0.500000,2.200000,2.900000,6.500000,3.500000,0.000000,0.500000,0.037025,0.037025,0,945034.859375,4289.778430
62,15,Hawaii,HI,15003,Honolulu,15003008801,"Census Tract 88.01, Honolulu County, Hawaii",0.154655,3450,579,801,222,801,222,285,214,77,64,262,215,547,312,75,60,1029,242,484,209,588,222,17,19,325,144,3422,668,39,31,0,12,78,53,174,218,184,103,8.600000,6.300000,4.400000,3.900000,32.700000,25.300000,19.900000,9.500000,2.300000,1.800000,29.800000,7.200000,14.000000,5.600000,17.700000,7.100000,2.100000,2.300000,9.900000,4.100000,99.200000,9.900000,4.900000,3.600000,0.000000,4.000000,9.700000,6.000000,21.700000,22.100000,5.300000,2.800000,0.327100,0.582900,0.682400,0.955300,0.363400,2.911100,0.646100,0.905900,0.183500,0.907400,0.312900,0.884700,3.194400,0.867000,0.990600,0.990600,0.990600,0.489400,0.000000,0.642400,0.893100,0.898800,2.923700,0.814700,10.019800,0.867000,0,0,0,1,0,1,1,0,1,0,0,2,1,1,0,0,0,0,0,0,4,943,287,875,0,12,22,24,2884,602,9,21,287,271,220,100,0,12,8.800000,1.600000,0.000000,0.900000,0.600000,0.700000,83.600000,7.900000,0.300000,0.600000,8.300000,7.900000,6.400000,3.000000,0.000000,0.900000,0.024366,0.024366,0,458861.167969,2832.435650
63,15,Hawaii,HI,15003,Honolulu,15003008802,"Census Tract 88.02, Honolulu County, Hawaii",0.422289,4873,902,979,138,937,144,528,291,26,29,189,126,560,220,132,113,1173,393,932,379,959,321,0,16,290,171,4645,842,18,30,0,12,184,91,67,50,322,280,11.300000,5.900000,1.200000,1.300000,20.200000,13.100000,15.500000,5.500000,2.800000,2.300000,24.100000,6.700000,19.100000,6.900000,20.600000,6.700000,0.000000,1.700000,6.300000,3.600000,95.300000,24.700000,1.800000,3.100000,0.000000,3.300000,19.600000,9.200000,7.200000,5.500000,6.600000,5.600000,0.432900,0.137400,0.322400,0.912900,0.448900,2.254500,0.408600,0.752900,0.458800,0.964400,0.000000,0.757600,2.933700,0.738700,0.891800,0.891800,0.891800,0.376500,0.000000,0.903500,0.660300,0.920000,2.860300,0.798100,8.940300,0.731600,0,0,0,1,0,1,0,0,1,0,0,1,0,0,0,0,1,0,1,2,4,3763,877,1192,0,12,356,319,3518,681,0,12,166,121,585,359,20,30,19.300000,3.600000,0.000000,0.700000,7.300000,6.200000,72.200000,9.100000,0.000000,0.700000,3.400000,2.500000,12.000000,6.800000,0.400000,0.600000,0.044738,0.044738,4,1260200.765625,5150.702723
64,15,Hawaii,HI,15003,Honolulu,15003008912,"Census Tract 89.12, Honolulu County, Hawaii",0.192273,2918,427,534,89,530,89,437,222,37,31,113,67,301,121,113,50,882,231,511,157,482,181,10,20,305,136,2690,513,0,16,6,9,117,43,16,20,213,156,15.500000,7.500000,2.800000,2.300000,21.300000,12.100000,13.700000,4.900000,4.000000,2.000000,30.200000,6.600000,17.500000,4.700000,17.100000,5.900000,1.900000,3.800000,10.900000,4.600000,92.200000,11.300000,0.000000,3.000000,1.100000,1.700000,22.100000,7.200000,3.000000,3.800000,7.300000,5.200000,0.621200,0.374400,0.355300,0.882400,0.643700,2.877000,0.631800,0.912900,0.352900,0.886000,0.287100,0.903500,3.342400,0.909700,0.797600,0.797600,0.797600,0.000000,0.914500,0.929400,0.396700,0.929400,3.170000,0.893100,10.187000,0.886000,0,0,0,0,0,0,1,0,0,0,1,2,0,0,0,1,1,0,1,3,5,2217,384,608,0,12,212,182,1968,431,0,12,71,74,439,197,0,12,14.200000,2.200000,0.000000,1.100000,7.300000,6.100000,67.400000,10.600000,0.000000,1.100000,2.400000,2.500000,15.000000,6.700000,0.000000,1.100000,0.028458,0.028458,0,568635.523438,3252.686525
65,15,Hawaii,HI,15003,Honolulu,15003008913,"Census Tract 89.13, Honolulu County, Hawaii",0.317581,4080,686,761,68,721,68,279,114,40,32,131,55,324,113,126,95,1041,184,761,222,662,153,10,16,245,94,4005,719,5,13,18,28,178,71,24,18,124,38,7.000000,2.600000,2.000000,1.500000,18.200000,7.400000,10.900000,3.300000,3.200000,2.100000,25.500000,4.700000,18.700000,4.400000,16.600000,3.200000,1.400000,2.200000,6.300000,2.200000,98.200000,6.200000,0.700000,1.700000,2.400000,3.600000,24.700000,9.600000,3.300000,2.500000,3.000000,0.800000,0.251800,0.253600,0.280000,0.814100,0.522600,2.122100,0.356300,0.802400,0.428200,0.864600,0.216500,0.757600,3.069300,0.812400,0.962400,0.962400,0.962400,0.282400,0.971500,0.952900,0.441800,0.835300,3.483900,0.954900,9.637700,0.819500,0,0,0,0,0,0,0,0,0,0,0,0,1,1,0,1,1,0,0,2,3,1942,469,989,29,37,282,234,3194,653,0,12,96,65,404,176,0,12,11.900000,2.100000,0.700000,0.900000,6.900000,5.500000,78.300000,7.000000,0.000000,0.800000,2.400000,1.600000,9.900000,4.400000,0.000000,0.800000,0.037899,0.037899,0,949660.585938,4344.288984
66,15,Hawaii,HI,15003,Honolulu,15003008921,"Census Tract 89.21, Honolulu County, Hawaii",0.342406,2520,488,565,93,565,93,176,111,56,35,119,45,107,50,128,107,586,136,435,130,367,103,31,24,68,72,2436,473,5,14,0,12,34,28,0,12,87,67,7.000000,4.200000,3.900000,2.500000,21.100000,7.200000,5.800000,2.600000,5.100000,3.600000,23.300000,3.500000,17.300000,3.900000,14.700000,4.100000,5.500000,4.200000,2.800000,2.900000,96.700000,1.300000,0.900000,2.500000,0.000000,5.600000,6.000000,4.900000,0.000000,5.600000,3.500000,2.600000,0.251800,0.521300,0.350600,0.512900,0.769600,2.406200,0.465600,0.727100,0.343500,0.786200,0.698800,0.527100,3.082700,0.821900,0.922400,0.922400,0.922400,0.296500,0.000000,0.454100,0.000000,0.856500,1.607100,0.323000,8.018400,0.570100,0,0,0,0,0,0,0,0,0,0,0,0,1,1,0,0,0,0,0,0,1,698,77,695,5,9,421,263,1496,322,0,12,283,208,231,87,0,12,3.200000,0.700000,0.200000,0.400000,16.700000,8.400000,59.400000,12.600000,0.000000,1.300000,11.200000,6.700000,9.200000,4.200000,0.000000,1.300000,0.041823,0.041823,0,1030813.285156,4834.769147
67,15,Hawaii,HI,15003,Honolulu,15003008931,"Census Tract 89.31, Honolulu County, Hawaii",27.791397,3516,395,775,63,760,65,34,34,30,21,35,27,62,43,28,23,212,79,1087,192,170,93,31,24,37,52,3025,437,0,16,0,12,31,23,8,13,417,112,1.100000,1.100000,1.900000,1.300000,4.600000,3.500000,2.800000,2.000000,0.900000,0.700000,6.000000,2.000000,30.900000,4.200000,5.600000,2.800000,4.100000,3.100000,1.100000,1.500000,86.000000,7.800000,0.000000,2.100000,0.000000,4.100000,4.100000,3.000000,1.100000,1.600000,11.900000,2.900000,0.023500,0.241700,0.025900,0.207100,0.140100,0.638300,0.023800,0.082400,0.908200,0.076000,0.550600,0.237600,1.854800,0.163900,0.578800,0.578800,0.578800,0.000000,0.000000,0.305900,0.187600,0.948200,1.441700,0.268400,4.513600,0.071300,0,0,0,0,0,0,0,1,0,0,0,1,0,0,0,0,0,0,1,1,2,1353,25,507,36,49,273,169,1827,298,0,12,176,130,713,233,0,12,0.800000,16.400000,1.000000,1.400000,7.800000,4.500000,52.000000,7.400000,0.000000,0.900000,5.000000,3.500000,20.300000,6.300000,0.000000,0.900000,0.399724,0.070781,9,2517268.207031,8142.947898
68,15,Hawaii,HI,15003,Honolulu,15003008933,"Census Tract 89.33, Honolulu County, Hawaii",1.548521,3608,709,1093,185,1065,187,261,215,8,12,202,89,78,46,126,145,963,240,845,322,464,205,40,41,35,51,3142,787,0,16,0,12,0,16,32,33,0,12,7.300000,5.800000,0.500000,0.700000,19.000000,7.700000,3.000000,1.900000,3.500000,4.000000,26.700000,6.300000,23.400000,7.600000,12.900000,4.600000,3.800000,3.800000,1.000000,1.500000,87.100000,13.500000,0.000000,1.500000,0.000000,2.900000,0.000000,1.500000,3.000000,3.100000,0.000000,0.300000,0.265900,0.071100,0.296500,0.237600,0.567700,1.438800,0.161500,0.840000,0.710600,0.662700,0.520000,0.223500,2.956800,0.743500,0.623500,0.623500,0.623500,0.000000,0.000000,0.000000,0.396700,0.000000,0.396700,0.035600,5.415800,0.175800,0,0,0,0,0,0,0,0,0,0,0,0,0,0,0,0,0,0,0,0,0,889,70,1007,50,59,176,108,1935,643,0,12,92,114,889,422,0,12,1.900000,0.500000,1.400000,1.700000,4.900000,3.100000,53.600000,12.800000,0.000000,0.900000,2.500000,3.300000,24.600000,10.300000,0.000000,0.900000,0.118286,0.004723,0,9110.378906,540.017077
69,15,Hawaii,HI,15003,Honolulu,15003008934,"Census Tract 89.34, Honolulu County, Hawaii",8.361074,3668,597,1002,139,1002,139,323,371,22,29,135,90,245,115,124,112,363,204,864,303,350,240,42,64,182,106,3392,809,0,16,0,12,109,87,8,12,0,12,8.800000,10.000000,1.100000,1.400000,13.500000,8.800000,9.700000,4.800000,3.500000,3.000000,9.900000,4.900000,23.600000,7.300000,9.800000,6.100000,4.200000,6.400000,5.200000,2.900000,92.500000,16.100000,0.000000,1.600000,0.000000,3.200000,10.900000,8.500000,0.800000,1.200000,0.000000,0.300000,0.336500,0.128000,0.143500,0.762400,0.567700,1.938100,0.292200,0.141200,0.717600,0.399000,0.560000,0.701200,2.519000,0.520200,0.809400,0.809400,0.809400,0.000000,0.000000,0.701200,0.156800,0.000000,0.858000,0.109300,6.124500,0.282700,0,0,0,0,0,0,0,0,0,0,0,0,0,0,0,0,0,0,0,0,0,1088,70,844,16,26,431,337,1886,558,0,12,426,369,605,302,28,45,1.900000,0.400000,0.400000,0.700000,11.800000,8.500000,51.400000,14.900000,0.000000,0.900000,11.600000,9.800000,16.500000,7.500000,0.800000,1.200000,0.229624,0.073507,0,1797269.085938,8354.393492
70,15,Hawaii,HI,15003,Honolulu,15003008935,"Census Tract 89.35, Honolulu County, Hawaii",0.267481,3781,634,1273,191,1197,201,218,141,131,80,454,202,164,87,100,57,477,173,680,211,370,200,70,73,127,88,3529,704,54,28,0,12,75,50,63,59,0,12,5.800000,3.600000,5.600000,3.400000,37.900000,15.600000,6.100000,2.700000,2.700000,1.600000,12.600000,4.400000,18.000000,4.700000,10.100000,4.600000,5.800000,6.000000,3.600000,2.400000,93.300000,10.100000,4.200000,2.100000,0.000000,2.500000,6.300000,4.000000,5.300000,4.800000,0.000000,0.300000,0.195300,0.689600,0.814100,0.538800,0.429900,2.667700,0.560600,0.190600,0.381200,0.427600,0.727100,0.597600,2.324100,0.384800,0.847100,0.847100,0.847100,0.468200,0.000000,0.477600,0.572400,0.000000,1.518200,0.299300,7.357100,0.477400,0,0,0,0,0,0,0,0,0,0,0,0,0,0,0,0,0,0,0,0,0,1822,9,898,119,116,626,377,2053,477,11,18,74,65,646,329,0,12,0.200000,23.800000,3.100000,3.200000,16.600000,8.900000,54.300000,9.900000,0.300000,0.500000,2.000000,1.800000,17.100000,7.800000,0.000000,0.900000,0.038750,0.038750,0,776429.144531,4447.980781
71,15,Hawaii,HI,15003,Honolulu,15003008936,"Census Tract 89.36, Honolulu County, Hawaii",0.308178,3048,459,821,123,799,127,236,322,63,51,121,78,264,113,53,51,650,188,722,288,291,109,98,76,244,142,2967,623,90,62,0,12,166,82,15,16,0,12,7.800000,10.600000,3.700000,3.100000,15.100000,9.500000,12.500000,5.100000,1.700000,1.700000,21.300000,6.200000,23.700000,8.700000,9.600000,3.700000,12.300000,9.300000,8.500000,4.800000,97.300000,14.300000,11.000000,7.400000,0.000000,3.900000,20.800000,9.700000,1.900000,2.000000,0.000000,0.400000,0.289400,0.502400,0.178800,0.856500,0.263700,2.090800,0.342000,0.604700,0.720000,0.370500,0.936500,0.842400,3.474100,0.950100,0.948200,0.948200,0.948200,0.552900,0.000000,0.920000,0.268400,0.000000,1.741300,0.372900,8.254400,0.617600,0,0,0,0,0,0,0,0,0,1,0,1,1,1,0,0,1,0,0,1,3,2484,248,669,36,59,150,88,1897,371,0,12,414,405,470,275,0,12,8.100000,1.200000,1.200000,1.900000,4.900000,3.000000,62.200000,12.800000,0.000000,1.100000,13.600000,12.200000,15.400000,8.500000,0.000000,1.100000,0.040745,0.040745,1,928926.886719,4698.237670
72,15,Hawaii,HI,15003,Honolulu,15003008937,"Census Tract 89.37, Honolulu County, Hawaii",0.097349,2323,674,521,137,480,142,622,387,36,41,109,61,195,108,389,452,193,90,507,198,161,91,8,16,205,156,2296,753,382,76,0,12,214,75,25,21,0,12,27.000000,14.800000,2.400000,3.000000,22.700000,10.800000,12.100000,8.100000,16.800000,16.000000,8.300000,3.900000,21.800000,5.700000,7.000000,4.200000,1.700000,3.300000,9.200000,6.400000,98.800000,15.100000,73.300000,24.200000,0.000000,6.000000,44.600000,8.400000,5.200000,4.500000,0.000000,0.500000,0.877600,0.308100,0.395300,0.844700,0.995200,3.420900,0.793300,0.117600,0.651800,0.140100,0.251800,0.861200,2.022500,0.225700,0.978800,0.978800,0.978800,0.887100,0.000000,0.992900,0.560600,0.000000,2.440600,0.627100,8.862800,0.717300,0,0,0,0,1,1,0,0,0,0,0,0,1,1,0,0,1,0,0,1,3,2329,401,960,0,12,200,136,1847,710,0,12,209,207,40,44,0,12,17.300000,5.000000,0.000000,1.400000,8.600000,6.900000,79.500000,12.500000,0.000000,1.400000,9.000000,8.800000,1.700000,2.000000,0.000000,1.400000,0.019414,0.019414,0,297645.417969,2217.604623
73,15,Hawaii,HI,15003,Honolulu,15003008938,"Census Tract 89.38, Honolulu County, Hawaii",0.118392,3742,914,667,55,646,69,1041,444,148,87,274,98,301,123,374,171,406,130,1091,324,485,148,123,70,397,222,3636,1060,161,67,9,15,244,97,81,59,149,69,28.200000,9.800000,7.600000,3.400000,42.400000,14.500000,13.400000,6.300000,10.100000,4.200000,10.800000,4.000000,29.200000,4.900000,13.100000,4.100000,19.000000,10.600000,11.900000,5.900000,97.200000,15.500000,24.100000,9.800000,1.300000,2.300000,37.800000,14.500000,12.500000,9.100000,4.000000,1.600000,0.896500,0.793800,0.863500,0.877600,0.962000,4.393400,0.988100,0.150600,0.880000,0.684100,0.985900,0.920000,3.620600,0.971500,0.945900,0.945900,0.945900,0.698800,0.931100,0.985900,0.800500,0.872900,4.289200,0.992900,13.249100,1.000000,0,0,0,0,1,1,0,0,0,1,1,2,1,1,0,1,1,0,0,2,6,2139,588,1354,23,36,503,335,1068,362,0,12,1538,908,504,234,0,12,16.400000,4.200000,0.600000,1.000000,13.400000,9.500000,28.500000,10.300000,0.000000,0.900000,41.100000,16.300000,13.500000,7.000000,0.000000,0.900000,0.023088,0.023088,1,355299.488281,2632.676294
74,15,Hawaii,HI,15003,Honolulu,15003008946,"Census Tract 89.46, Honolulu County, Hawaii",0.226460,2569,410,1130,144,1076,157,130,76,14,20,263,90,59,62,86,59,598,194,284,94,418,181,32,27,87,80,2293,439,38,35,0,12,31,39,34,40,14,10,5.100000,2.900000,1.000000,1.400000,24.400000,7.600000,2.800000,2.900000,3.500000,2.400000,23.300000,6.300000,11.100000,3.200000,17.200000,6.100000,3.000000,2.500000,3.400000,3.100000,89.300000,9.400000,3.400000,3.100000,0.000000,2.800000,2.900000,3.600000,3.200000,3.700000,0.500000,0.400000,0.164700,0.118500,0.437600,0.207100,0.567700,1.495600,0.178100,0.727100,0.103500,0.893100,0.425900,0.583500,2.733100,0.631800,0.701200,0.701200,0.701200,0.444700,0.000000,0.214100,0.425200,0.574100,1.658100,0.339700,6.588000,0.370500,0,0,0,0,0,0,0,0,0,0,0,0,0,0,0,0,0,0,0,0,0,989,139,547,31,28,273,149,1432,372,0,12,101,91,430,147,26,41,5.400000,0.900000,1.200000,1.100000,10.600000,5.800000,55.700000,9.300000,0.000000,1.300000,3.900000,3.500000,16.700000,5.300000,1.000000,1.500000,0.035947,0.025368,0,455270.507813,2939.827898
75,15,Hawaii,HI,15003,Honolulu,15003008948,"Census Tract 89.48, Honolulu County, Hawaii",0.241241,2626,333,1115,132,1044,132,166,118,14,16,149,73,91,49,47,54,559,184,460,199,336,97,21,24,66,59,2433,380,131,70,0,12,63,53,52,46,0,12,6.300000,4.400000,1.000000,1.200000,14.300000,6.800000,4.500000,2.400000,1.800000,2.100000,21.300000,7.500000,17.500000,7.200000,12.900000,3.900000,2.000000,2.300000,2.700000,2.400000,92.700000,8.400000,11.700000,6.100000,0.000000,2.900000,6.000000,5.000000,5.000000,4.300000,0.000000,0.500000,0.216500,0.118500,0.160000,0.392900,0.273200,1.161100,0.097400,0.604700,0.352900,0.662700,0.301200,0.510600,2.432100,0.453700,0.818800,0.818800,0.818800,0.560000,0.000000,0.454100,0.551100,0.000000,1.565200,0.315900,5.977200,0.261300,0,0,0,0,0,0,0,0,0,0,0,0,0,0,0,0,0,0,0,0,0,2585,118,483,0,12,189,138,1616,276,0,12,175,161,453,153,0,12,4.500000,0.600000,0.000000,1.200000,7.200000,5.000000,61.500000,8.600000,0.000000,1.200000,6.700000,6.000000,17.300000,5.300000,0.000000,1.200000,0.032871,0.026661,0,539269.921875,3077.982627
76,15,Hawaii,HI,15003,Honolulu,15003008949,"Census Tract 89.49, Honolulu County, Hawaii",0.281340,1949,661,739,197,712,202,35,54,0,12,177,121,0,12,17,28,302,174,364,154,222,185,9,18,8,48,1787,523,34,41,0,12,36,59,0,12,0,12,1.800000,2.700000,0.000000,3.100000,24.900000,15.500000,0.000000,2.200000,1.000000,1.600000,15.500000,5.200000,18.700000,4.700000,12.500000,6.700000,1.300000,2.500000,0.400000,2.600000,91.700000,41.100000,4.600000,5.400000,0.000000,4.300000,5.100000,8.200000,0.000000,4.500000,0.000000,0.600000,0.040000,0.000000,0.456500,0.000000,0.152000,0.648500,0.026100,0.305900,0.428200,0.629500,0.202400,0.103500,1.669500,0.097400,0.778800,0.778800,0.778800,0.480000,0.000000,0.390600,0.000000,0.000000,0.870600,0.114000,3.967400,0.045100,0,0,0,0,0,0,0,0,0,0,0,0,0,0,0,0,0,0,0,0,0,1642,103,938,34,49,217,162,1024,407,0,12,0,12,512,282,0,12,5.300000,1.900000,1.700000,2.600000,11.100000,8.700000,52.500000,8.400000,0.000000,1.700000,0.000000,1.700000,26.300000,8.500000,0.000000,1.700000,0.033304,0.033304,0,823212.562500,3817.911914
77,15,Hawaii,HI,15003,Honolulu,15003008950,"Census Tract 89.50, Honolulu County, Hawaii",0.160236,1994,449,529,75,529,75,170,156,53,52,12,29,39,46,43,49,276,190,384,179,137,89,21,37,188,237,1936,623,0,16,0,12,15,27,0,12,0,12,8.500000,7.600000,4.700000,4.400000,2.300000,5.500000,3.000000,3.300000,2.200000,2.400000,13.800000,8.200000,19.300000,7.900000,6.900000,4.000000,4.000000,7.000000,9.600000,11.900000,97.100000,22.300000,0.000000,3.000000,0.000000,6.000000,2.800000,5.100000,0.000000,6.000000,0.000000,0.600000,0.320000,0.616100,0.016500,0.237600,0.353900,1.544100,0.192400,0.235300,0.472900,0.125900,0.543500,0.875300,2.252900,0.330200,0.941200,0.941200,0.941200,0.000000,0.000000,0.197600,0.000000,0.000000,0.197600,0.021400,4.935800,0.116400,0,0,0,0,0,0,0,0,0,0,0,0,1,1,0,0,0,0,0,0,1,530,207,674,0,12,266,196,1290,515,0,12,217,266,163,119,0,12,10.400000,2.400000,0.000000,1.600000,13.300000,10.900000,64.700000,17.400000,0.000000,1.600000,10.900000,13.000000,8.200000,6.300000,0.000000,1.600000,0.049159,0.049159,0,535606.511719,5675.700916
78,15,Hawaii,HI,15003,Honolulu,15003008951,"Census Tract 89.51, Honolulu County, Hawaii",0.112338,1366,432,557,161,539,162,35,54,105,98,35,57,33,36,9,14,295,143,67,74,91,64,0,16,6,48,1132,416,0,16,0,12,0,16,0,12,0,12,2.600000,3.900000,13.000000,11.100000,6.500000,10.400000,2.700000,2.900000,0.700000,1.100000,21.600000,12.000000,4.900000,5.200000,7.000000,5.600000,0.000000,3.000000,0.400000,3.500000,82.900000,15.500000,0.000000,2.900000,0.000000,5.700000,0.000000,3.000000,0.000000,5.800000,0.000000,0.900000,0.058800,0.955000,0.037600,0.195300,0.104500,1.351200,0.140100,0.618800,0.025900,0.140100,0.000000,0.103500,0.888300,0.007100,0.491800,0.491800,0.491800,0.000000,0.000000,0.000000,0.000000,0.000000,0.000000,0.000000,2.731300,0.004800,0,1,0,0,0,1,0,0,0,0,0,0,0,0,0,0,0,0,0,0,1,504,51,624,41,54,43,45,895,397,0,12,39,47,114,90,0,12,3.700000,1.300000,3.000000,4.400000,3.100000,3.100000,65.500000,16.000000,0.000000,2.300000,2.900000,3.600000,8.300000,7.300000,0.000000,2.300000,0.019711,0.019711,0,322201.062500,2290.344980
79,15,Hawaii,HI,15003,Honolulu,15003008952,"Census Tract 89.52, Honolulu County, Hawaii",1.546782,5297,654,2137,145,2051,172,394,280,5,9,551,184,122,88,121,115,788,256,813,318,639,222,69,71,126,113,4293,742,146,66,0,17,76,78,14,24,0,17,7.400000,5.200000,0.200000,0.300000,26.900000,8.700000,2.900000,2.100000,2.400000,2.300000,14.900000,4.800000,15.300000,5.700000,12.800000,3.800000,3.400000,3.400000,2.500000,2.300000,81.000000,9.800000,6.800000,3.100000,0.000000,1.500000,3.700000,3.800000,0.700000,1.200000,0.000000,0.300000,0.275300,0.054500,0.517600,0.225900,0.382400,1.455700,0.168600,0.277600,0.256500,0.655600,0.475300,0.487100,2.152100,0.282700,0.451800,0.451800,0.451800,0.522400,0.000000,0.275300,0.140100,0.000000,0.937800,0.128300,4.997400,0.128300,0,0,0,0,0,0,0,0,0,0,0,0,0,0,0,0,0,0,0,0,0,4700,204,943,55,52,471,304,2424,403,0,17,367,333,976,427,0,17,3.900000,0.500000,1.000000,1.000000,8.900000,5.300000,45.800000,8.300000,0.000000,0.600000,6.900000,6.200000,18.400000,7.200000,0.000000,0.600000,0.149599,0.124566,0,3416680.273438,14290.958176
80,15,Hawaii,HI,15003,Honolulu,15003011401,"Census Tract 114.01, Honolulu County, Hawaii",0.786094,2006,314,864,162,841,164,275,141,35,26,426,126,6,9,0,12,12,17,550,102,118,60,43,33,7,47,1201,340,11,12,0,12,16,25,6,10,0,12,13.700000,6.700000,7.600000,5.600000,50.700000,11.300000,0.500000,0.900000,0.000000,2.500000,0.600000,0.900000,27.400000,2.700000,9.100000,4.600000,5.100000,3.800000,0.400000,2.900000,59.900000,14.100000,1.300000,1.400000,0.000000,3.700000,1.900000,2.900000,0.700000,1.200000,0.000000,0.600000,0.534100,0.793800,0.936500,0.054100,0.000000,2.318500,0.432300,0.044700,0.835300,0.315900,0.649400,0.103500,1.948800,0.197100,0.174100,0.174100,0.174100,0.345900,0.000000,0.143500,0.140100,0.000000,0.629500,0.068900,5.070900,0.133000,0,0,1,0,0,1,0,0,0,0,0,0,0,0,0,0,0,0,0,0,1,1868,0,444,276,228,618,199,82,40,0,12,138,133,87,71,0,12,0.000000,22.100000,13.800000,10.200000,30.800000,9.300000,4.100000,2.100000,0.000000,1.600000,6.900000,6.500000,4.300000,3.700000,0.000000,1.600000,0.065552,0.069678,0,2337404.824219,8053.401077
81,15,Hawaii,HI,15003,Honolulu,15003980200,"Census Tract 9802, Honolulu County, Hawaii",3.478792,537,314,0,12,0,12,0,12,0,12,0,24,64,57,0,12,26,41,0,12,0,12,0,16,26,60,424,267,0,16,0,12,0,16,0,12,537,314,0.000000,-999.000000,-999.000000,-999.000000,0.000000,-999.000000,11.900000,8.700000,-999.000000,-999.000000,4.800000,6.800000,0.000000,2.200000,-999.000000,-999.000000,0.000000,-999.000000,4.800000,10.800000,79.000000,18.400000,0.000000,-999.000000,-999.000000,-999.000000,0.000000,-999.000000,-999.000000,-999.000000,100.000000,0.000000,0.000000,-999.000000,0.000000,0.840000,-999.000000,-999.000000,-999.000000,0.070600,0.000000,-999.000000,0.000000,0.687100,-999.000000,-999.000000,0.421200,0.421200,0.421200,0.000000,-999.000000,0.000000,-999.000000,0.992900,-999.000000,-999.000000,-999.000000,-999.000000,0,-999,0,0,-999,-999,0,0,-999,0,0,-999,0,0,0,-999,0,-999,1,-999,-999,11399,0,16,12,29,48,61,165,202,0,12,50,70,149,144,0,12,0.000000,-999.000000,2.200000,5.500000,8.900000,12.500000,30.700000,31.800000,0.000000,5.900000,9.300000,12.000000,27.700000,25.100000,0.000000,5.900000,0.189447,0.049386,0,658296.187500,5710.213133
82,15,Hawaii,HI,15003,Honolulu,15003981400,"Census Tract 9814, Honolulu County, Hawaii",0.602555,4,5,11,10,4,5,0,12,0,12,4,21,0,12,0,12,0,12,0,12,0,12,0,16,0,48,0,31,0,16,0,12,0,16,0,12,0,12,0.000000,300.000000,0.000000,100.000000,100.000000,509.900000,0.000000,100.000000,0.000000,100.000000,0.000000,100.000000,0.000000,300.000000,0.000000,100.000000,0.000000,400.000000,0.000000,1200.000000,0.000000,775.000000,0.000000,145.500000,0.000000,89.400000,0.000000,400.000000,0.000000,100.000000,0.000000,300.000000,0.000000,0.000000,1.000000,0.000000,0.000000,1.000000,0.073600,0.000000,0.000000,0.000000,0.000000,0.000000,0.000000,0.000000,0.000000,0.000000,0.000000,0.000000,0.000000,0.000000,0.000000,0.000000,0.000000,0.000000,1.000000,0.000000,0,0,1,0,0,1,0,0,0,0,0,0,0,0,0,0,0,0,0,0,1,16732,0,7,0,12,0,12,0,12,0,12,0,12,0,12,0,12,0.000000,175.000000,0.000000,100.000000,0.000000,100.000000,0.000000,100.000000,0.000000,100.000000,0.000000,100.000000,0.000000,100.000000,0.000000,100.000000,0.153008,0.023218,0,348782.066406,2633.023493
83,15,Hawaii,HI,15003,Honolulu,15003981900,"Census Tract 9819, Honolulu County, Hawaii",3.049491,438,212,0,12,0,12,0,12,0,12,0,24,0,12,0,12,0,12,0,12,0,12,0,16,5,47,164,82,0,16,0,12,0,16,0,12,438,212,0.000000,-999.000000,-999.000000,-999.000000,0.000000,-999.000000,0.000000,32.700000,-999.000000,-999.000000,0.000000,7.100000,0.000000,2.700000,-999.000000,-999.000000,0.000000,-999.000000,1.100000,10.700000,37.400000,4.800000,0.000000,-999.000000,-999.000000,-999.000000,0.000000,-999.000000,-999.000000,-999.000000,100.000000,0.000000,0.000000,-999.000000,0.000000,0.000000,-999.000000,-999.000000,-999.000000,0.000000,0.000000,-999.000000,0.000000,0.237600,-999.000000,-999.000000,0.037600,0.037600,0.037600,0.000000,-999.000000,0.000000,-999.000000,0.992900,-999.000000,-999.000000,-999.000000,-999.000000,0,-999,0,0,-999,-999,0,0,-999,0,0,-999,0,0,0,-999,0,-999,1,-999,-999,1050,0,16,40,41,91,60,23,23,10,22,0,12,0,12,0,12,0.000000,-999.000000,9.100000,6.400000,20.800000,11.800000,5.300000,3.400000,2.300000,5.300000,0.000000,7.100000,0.000000,7.100000,0.000000,7.100000,0.129195,0.110205,0,4903764.964844,12649.472777
84,15,Hawaii,HI,15003,Honolulu,15003982200,"Census Tract 9822, Honolulu County, Hawaii",3.216206,1262,194,0,12,0,12,0,12,0,12,0,24,0,12,0,12,0,12,0,12,0,12,0,16,5,48,540,200,0,16,0,12,0,16,0,12,1262,194,0.000000,-999.000000,0.000000,49.400000,0.000000,-999.000000,0.000000,20.700000,-999.000000,-999.000000,0.000000,2.500000,0.000000,1.000000,-999.000000,-999.000000,0.000000,-999.000000,0.400000,3.800000,42.800000,14.400000,0.000000,-999.000000,-999.000000,-999.000000,0.000000,-999.000000,-999.000000,-999.000000,100.000000,0.000000,0.000000,0.000000,0.000000,0.000000,-999.000000,-999.000000,-999.000000,0.000000,0.000000,-999.000000,0.000000,0.103500,-999.000000,-999.000000,0.063500,0.063500,0.063500,0.000000,-999.000000,0.000000,-999.000000,0.992900,-999.000000,-999.000000,-999.000000,-999.000000,0,0,0,0,-999,-999,0,0,-999,0,0,-999,0,0,0,-999,0,-999,1,-999,-999,310,0,16,219,131,207,118,37,45,9,20,0,12,68,81,0,12,0.000000,-999.000000,17.400000,9.800000,16.400000,9.000000,2.900000,3.500000,0.700000,1.600000,0.000000,2.500000,5.400000,6.300000,0.000000,2.500000,0.164982,0.250921,16,9660333.355469,28928.196341
